[      77ms] [INFO] %cDownload the React DevTools for a better development experience: https://reactjs.org/link/react-devtools font-weight:bold @ http://localhost:5173/node_modules/.vite/deps/chunk-BCXODTBQ.js?v=1d06c898:21548
[  421338ms] [ERROR] Warning: Encountered two children with the same key, `%s`. Keys should be unique so that components maintain their identity across updates. Non-unique keys may cause children to be duplicated and/or omitted — the behavior is unsupported and could change in a future version.%s [object Object] 
    at nav
    at div
    at header
    at MotionComponent (http://localhost:5173/node_modules/.vite/deps/framer-motion.js?v=1d06c898:943:40)
    at Navbar (http://localhost:5173/src/sections/Navbar.jsx?t=1782449508584:59:27)
    at div
    at MotionConfig (http://localhost:5173/node_modules/.vite/deps/framer-motion.js?v=1d06c898:677:25)
    at App @ http://localhost:5173/node_modules/.vite/deps/chunk-BCXODTBQ.js?v=1d06c898:518
[  421338ms] [ERROR] Warning: Encountered two children with the same key, `%s`. Keys should be unique so that components maintain their identity across updates. Non-unique keys may cause children to be duplicated and/or omitted — the behavior is unsupported and could change in a future version.%s [object Object] 
    at nav
    at div
    at header
    at MotionComponent (http://localhost:5173/node_modules/.vite/deps/framer-motion.js?v=1d06c898:943:40)
    at Navbar (http://localhost:5173/src/sections/Navbar.jsx?t=1782449508584:59:27)
    at div
    at MotionConfig (http://localhost:5173/node_modules/.vite/deps/framer-motion.js?v=1d06c898:677:25)
    at App @ http://localhost:5173/node_modules/.vite/deps/chunk-BCXODTBQ.js?v=1d06c898:518
[  421338ms] [ERROR] Warning: Encountered two children with the same key, `%s`. Keys should be unique so that components maintain their identity across updates. Non-unique keys may cause children to be duplicated and/or omitted — the behavior is unsupported and could change in a future version.%s [object Object] 
    at nav
    at div
    at header
    at MotionComponent (http://localhost:5173/node_modules/.vite/deps/framer-motion.js?v=1d06c898:943:40)
    at Navbar (http://localhost:5173/src/sections/Navbar.jsx?t=1782449508584:59:27)
    at div
    at MotionConfig (http://localhost:5173/node_modules/.vite/deps/framer-motion.js?v=1d06c898:677:25)
    at App @ http://localhost:5173/node_modules/.vite/deps/chunk-BCXODTBQ.js?v=1d06c898:518
[  421339ms] [ERROR] Warning: Encountered two children with the same key, `%s`. Keys should be unique so that components maintain their identity across updates. Non-unique keys may cause children to be duplicated and/or omitted — the behavior is unsupported and could change in a future version.%s [object Object] 
    at nav
    at div
    at header
    at MotionComponent (http://localhost:5173/node_modules/.vite/deps/framer-motion.js?v=1d06c898:943:40)
    at Navbar (http://localhost:5173/src/sections/Navbar.jsx?t=1782449508584:59:27)
    at div
    at MotionConfig (http://localhost:5173/node_modules/.vite/deps/framer-motion.js?v=1d06c898:677:25)
    at App @ http://localhost:5173/node_modules/.vite/deps/chunk-BCXODTBQ.js?v=1d06c898:518
[  421348ms] Error: Objects are not valid as a React child (found: object with keys {label, target}). If you meant to render a collection of children, use an array instead.
    at throwOnInvalidObjectType (http://localhost:5173/node_modules/.vite/deps/chunk-BCXODTBQ.js?v=1d06c898:9932:17)
    at reconcileChildFibers2 (http://localhost:5173/node_modules/.vite/deps/chunk-BCXODTBQ.js?v=1d06c898:10562:15)
    at reconcileChildren (http://localhost:5173/node_modules/.vite/deps/chunk-BCXODTBQ.js?v=1d06c898:14288:37)
    at updateHostComponent (http://localhost:5173/node_modules/.vite/deps/chunk-BCXODTBQ.js?v=1d06c898:14805:11)
    at beginWork (http://localhost:5173/node_modules/.vite/deps/chunk-BCXODTBQ.js?v=1d06c898:15933:22)
    at HTMLUnknownElement.callCallback2 (http://localhost:5173/node_modules/.vite/deps/chunk-BCXODTBQ.js?v=1d06c898:3672:22)
    at Object.invokeGuardedCallbackDev (http://localhost:5173/node_modules/.vite/deps/chunk-BCXODTBQ.js?v=1d06c898:3697:24)
    at invokeGuardedCallback (http://localhost:5173/node_modules/.vite/deps/chunk-BCXODTBQ.js?v=1d06c898:3731:39)
    at beginWork$1 (http://localhost:5173/node_modules/.vite/deps/chunk-BCXODTBQ.js?v=1d06c898:19763:15)
    at performUnitOfWork (http://localhost:5173/node_modules/.vite/deps/chunk-BCXODTBQ.js?v=1d06c898:19196:20)
[  421370ms] Error: Objects are not valid as a React child (found: object with keys {label, target}). If you meant to render a collection of children, use an array instead.
    at throwOnInvalidObjectType (http://localhost:5173/node_modules/.vite/deps/chunk-BCXODTBQ.js?v=1d06c898:9932:17)
    at reconcileChildFibers2 (http://localhost:5173/node_modules/.vite/deps/chunk-BCXODTBQ.js?v=1d06c898:10562:15)
    at reconcileChildren (http://localhost:5173/node_modules/.vite/deps/chunk-BCXODTBQ.js?v=1d06c898:14288:37)
    at updateHostComponent (http://localhost:5173/node_modules/.vite/deps/chunk-BCXODTBQ.js?v=1d06c898:14805:11)
    at beginWork (http://localhost:5173/node_modules/.vite/deps/chunk-BCXODTBQ.js?v=1d06c898:15933:22)
    at HTMLUnknownElement.callCallback2 (http://localhost:5173/node_modules/.vite/deps/chunk-BCXODTBQ.js?v=1d06c898:3672:22)
    at Object.invokeGuardedCallbackDev (http://localhost:5173/node_modules/.vite/deps/chunk-BCXODTBQ.js?v=1d06c898:3697:24)
    at invokeGuardedCallback (http://localhost:5173/node_modules/.vite/deps/chunk-BCXODTBQ.js?v=1d06c898:3731:39)
    at beginWork$1 (http://localhost:5173/node_modules/.vite/deps/chunk-BCXODTBQ.js?v=1d06c898:19763:15)
    at performUnitOfWork (http://localhost:5173/node_modules/.vite/deps/chunk-BCXODTBQ.js?v=1d06c898:19196:20)
[  421371ms] Error: Objects are not valid as a React child (found: object with keys {label, target}). If you meant to render a collection of children, use an array instead.
    at throwOnInvalidObjectType (http://localhost:5173/node_modules/.vite/deps/chunk-BCXODTBQ.js?v=1d06c898:9932:17)
    at reconcileChildFibers2 (http://localhost:5173/node_modules/.vite/deps/chunk-BCXODTBQ.js?v=1d06c898:10562:15)
    at reconcileChildren (http://localhost:5173/node_modules/.vite/deps/chunk-BCXODTBQ.js?v=1d06c898:14288:37)
    at updateHostComponent (http://localhost:5173/node_modules/.vite/deps/chunk-BCXODTBQ.js?v=1d06c898:14805:11)
    at beginWork (http://localhost:5173/node_modules/.vite/deps/chunk-BCXODTBQ.js?v=1d06c898:15933:22)
    at HTMLUnknownElement.callCallback2 (http://localhost:5173/node_modules/.vite/deps/chunk-BCXODTBQ.js?v=1d06c898:3672:22)
    at Object.invokeGuardedCallbackDev (http://localhost:5173/node_modules/.vite/deps/chunk-BCXODTBQ.js?v=1d06c898:3697:24)
    at invokeGuardedCallback (http://localhost:5173/node_modules/.vite/deps/chunk-BCXODTBQ.js?v=1d06c898:3731:39)
    at beginWork$1 (http://localhost:5173/node_modules/.vite/deps/chunk-BCXODTBQ.js?v=1d06c898:19763:15)
    at performUnitOfWork (http://localhost:5173/node_modules/.vite/deps/chunk-BCXODTBQ.js?v=1d06c898:19196:20)
[  421372ms] Error: Objects are not valid as a React child (found: object with keys {label, target}). If you meant to render a collection of children, use an array instead.
    at throwOnInvalidObjectType (http://localhost:5173/node_modules/.vite/deps/chunk-BCXODTBQ.js?v=1d06c898:9932:17)
    at reconcileChildFibers2 (http://localhost:5173/node_modules/.vite/deps/chunk-BCXODTBQ.js?v=1d06c898:10562:15)
    at reconcileChildren (http://localhost:5173/node_modules/.vite/deps/chunk-BCXODTBQ.js?v=1d06c898:14288:37)
    at updateHostComponent (http://localhost:5173/node_modules/.vite/deps/chunk-BCXODTBQ.js?v=1d06c898:14805:11)
    at beginWork (http://localhost:5173/node_modules/.vite/deps/chunk-BCXODTBQ.js?v=1d06c898:15933:22)
    at HTMLUnknownElement.callCallback2 (http://localhost:5173/node_modules/.vite/deps/chunk-BCXODTBQ.js?v=1d06c898:3672:22)
    at Object.invokeGuardedCallbackDev (http://localhost:5173/node_modules/.vite/deps/chunk-BCXODTBQ.js?v=1d06c898:3697:24)
    at invokeGuardedCallback (http://localhost:5173/node_modules/.vite/deps/chunk-BCXODTBQ.js?v=1d06c898:3731:39)
    at beginWork$1 (http://localhost:5173/node_modules/.vite/deps/chunk-BCXODTBQ.js?v=1d06c898:19763:15)
    at performUnitOfWork (http://localhost:5173/node_modules/.vite/deps/chunk-BCXODTBQ.js?v=1d06c898:19196:20)
[  421372ms] Error: Objects are not valid as a React child (found: object with keys {label, target}). If you meant to render a collection of children, use an array instead.
    at throwOnInvalidObjectType (http://localhost:5173/node_modules/.vite/deps/chunk-BCXODTBQ.js?v=1d06c898:9932:17)
    at reconcileChildFibers2 (http://localhost:5173/node_modules/.vite/deps/chunk-BCXODTBQ.js?v=1d06c898:10562:15)
    at reconcileChildren (http://localhost:5173/node_modules/.vite/deps/chunk-BCXODTBQ.js?v=1d06c898:14288:37)
    at updateHostComponent (http://localhost:5173/node_modules/.vite/deps/chunk-BCXODTBQ.js?v=1d06c898:14805:11)
    at beginWork (http://localhost:5173/node_modules/.vite/deps/chunk-BCXODTBQ.js?v=1d06c898:15933:22)
    at HTMLUnknownElement.callCallback2 (http://localhost:5173/node_modules/.vite/deps/chunk-BCXODTBQ.js?v=1d06c898:3672:22)
    at Object.invokeGuardedCallbackDev (http://localhost:5173/node_modules/.vite/deps/chunk-BCXODTBQ.js?v=1d06c898:3697:24)
    at invokeGuardedCallback (http://localhost:5173/node_modules/.vite/deps/chunk-BCXODTBQ.js?v=1d06c898:3731:39)
    at beginWork$1 (http://localhost:5173/node_modules/.vite/deps/chunk-BCXODTBQ.js?v=1d06c898:19763:15)
    at performUnitOfWork (http://localhost:5173/node_modules/.vite/deps/chunk-BCXODTBQ.js?v=1d06c898:19196:20)
[  421390ms] [ERROR] Warning: Encountered two children with the same key, `%s`. Keys should be unique so that components maintain their identity across updates. Non-unique keys may cause children to be duplicated and/or omitted — the behavior is unsupported and could change in a future version.%s [object Object] 
    at nav
    at div
    at header
    at MotionComponent (http://localhost:5173/node_modules/.vite/deps/framer-motion.js?v=1d06c898:943:40)
    at Navbar (http://localhost:5173/src/sections/Navbar.jsx?t=1782449508584:59:27)
    at div
    at MotionConfig (http://localhost:5173/node_modules/.vite/deps/framer-motion.js?v=1d06c898:677:25)
    at App @ http://localhost:5173/node_modules/.vite/deps/chunk-BCXODTBQ.js?v=1d06c898:518
[  421390ms] [ERROR] Warning: Encountered two children with the same key, `%s`. Keys should be unique so that components maintain their identity across updates. Non-unique keys may cause children to be duplicated and/or omitted — the behavior is unsupported and could change in a future version.%s [object Object] 
    at nav
    at div
    at header
    at MotionComponent (http://localhost:5173/node_modules/.vite/deps/framer-motion.js?v=1d06c898:943:40)
    at Navbar (http://localhost:5173/src/sections/Navbar.jsx?t=1782449508584:59:27)
    at div
    at MotionConfig (http://localhost:5173/node_modules/.vite/deps/framer-motion.js?v=1d06c898:677:25)
    at App @ http://localhost:5173/node_modules/.vite/deps/chunk-BCXODTBQ.js?v=1d06c898:518
[  421390ms] [ERROR] Warning: Encountered two children with the same key, `%s`. Keys should be unique so that components maintain their identity across updates. Non-unique keys may cause children to be duplicated and/or omitted — the behavior is unsupported and could change in a future version.%s [object Object] 
    at nav
    at div
    at header
    at MotionComponent (http://localhost:5173/node_modules/.vite/deps/framer-motion.js?v=1d06c898:943:40)
    at Navbar (http://localhost:5173/src/sections/Navbar.jsx?t=1782449508584:59:27)
    at div
    at MotionConfig (http://localhost:5173/node_modules/.vite/deps/framer-motion.js?v=1d06c898:677:25)
    at App @ http://localhost:5173/node_modules/.vite/deps/chunk-BCXODTBQ.js?v=1d06c898:518
[  421391ms] [ERROR] Warning: Encountered two children with the same key, `%s`. Keys should be unique so that components maintain their identity across updates. Non-unique keys may cause children to be duplicated and/or omitted — the behavior is unsupported and could change in a future version.%s [object Object] 
    at nav
    at div
    at header
    at MotionComponent (http://localhost:5173/node_modules/.vite/deps/framer-motion.js?v=1d06c898:943:40)
    at Navbar (http://localhost:5173/src/sections/Navbar.jsx?t=1782449508584:59:27)
    at div
    at MotionConfig (http://localhost:5173/node_modules/.vite/deps/framer-motion.js?v=1d06c898:677:25)
    at App @ http://localhost:5173/node_modules/.vite/deps/chunk-BCXODTBQ.js?v=1d06c898:518
[  421392ms] Error: Objects are not valid as a React child (found: object with keys {label, target}). If you meant to render a collection of children, use an array instead.
    at throwOnInvalidObjectType (http://localhost:5173/node_modules/.vite/deps/chunk-BCXODTBQ.js?v=1d06c898:9932:17)
    at reconcileChildFibers2 (http://localhost:5173/node_modules/.vite/deps/chunk-BCXODTBQ.js?v=1d06c898:10562:15)
    at reconcileChildren (http://localhost:5173/node_modules/.vite/deps/chunk-BCXODTBQ.js?v=1d06c898:14288:37)
    at updateHostComponent (http://localhost:5173/node_modules/.vite/deps/chunk-BCXODTBQ.js?v=1d06c898:14805:11)
    at beginWork (http://localhost:5173/node_modules/.vite/deps/chunk-BCXODTBQ.js?v=1d06c898:15933:22)
    at HTMLUnknownElement.callCallback2 (http://localhost:5173/node_modules/.vite/deps/chunk-BCXODTBQ.js?v=1d06c898:3672:22)
    at Object.invokeGuardedCallbackDev (http://localhost:5173/node_modules/.vite/deps/chunk-BCXODTBQ.js?v=1d06c898:3697:24)
    at invokeGuardedCallback (http://localhost:5173/node_modules/.vite/deps/chunk-BCXODTBQ.js?v=1d06c898:3731:39)
    at beginWork$1 (http://localhost:5173/node_modules/.vite/deps/chunk-BCXODTBQ.js?v=1d06c898:19763:15)
    at performUnitOfWork (http://localhost:5173/node_modules/.vite/deps/chunk-BCXODTBQ.js?v=1d06c898:19196:20)
[  421392ms] Error: Objects are not valid as a React child (found: object with keys {label, target}). If you meant to render a collection of children, use an array instead.
    at throwOnInvalidObjectType (http://localhost:5173/node_modules/.vite/deps/chunk-BCXODTBQ.js?v=1d06c898:9932:17)
    at reconcileChildFibers2 (http://localhost:5173/node_modules/.vite/deps/chunk-BCXODTBQ.js?v=1d06c898:10562:15)
    at reconcileChildren (http://localhost:5173/node_modules/.vite/deps/chunk-BCXODTBQ.js?v=1d06c898:14288:37)
    at updateHostComponent (http://localhost:5173/node_modules/.vite/deps/chunk-BCXODTBQ.js?v=1d06c898:14805:11)
    at beginWork (http://localhost:5173/node_modules/.vite/deps/chunk-BCXODTBQ.js?v=1d06c898:15933:22)
    at HTMLUnknownElement.callCallback2 (http://localhost:5173/node_modules/.vite/deps/chunk-BCXODTBQ.js?v=1d06c898:3672:22)
    at Object.invokeGuardedCallbackDev (http://localhost:5173/node_modules/.vite/deps/chunk-BCXODTBQ.js?v=1d06c898:3697:24)
    at invokeGuardedCallback (http://localhost:5173/node_modules/.vite/deps/chunk-BCXODTBQ.js?v=1d06c898:3731:39)
    at beginWork$1 (http://localhost:5173/node_modules/.vite/deps/chunk-BCXODTBQ.js?v=1d06c898:19763:15)
    at performUnitOfWork (http://localhost:5173/node_modules/.vite/deps/chunk-BCXODTBQ.js?v=1d06c898:19196:20)
[  421392ms] Error: Objects are not valid as a React child (found: object with keys {label, target}). If you meant to render a collection of children, use an array instead.
    at throwOnInvalidObjectType (http://localhost:5173/node_modules/.vite/deps/chunk-BCXODTBQ.js?v=1d06c898:9932:17)
    at reconcileChildFibers2 (http://localhost:5173/node_modules/.vite/deps/chunk-BCXODTBQ.js?v=1d06c898:10562:15)
    at reconcileChildren (http://localhost:5173/node_modules/.vite/deps/chunk-BCXODTBQ.js?v=1d06c898:14288:37)
    at updateHostComponent (http://localhost:5173/node_modules/.vite/deps/chunk-BCXODTBQ.js?v=1d06c898:14805:11)
    at beginWork (http://localhost:5173/node_modules/.vite/deps/chunk-BCXODTBQ.js?v=1d06c898:15933:22)
    at HTMLUnknownElement.callCallback2 (http://localhost:5173/node_modules/.vite/deps/chunk-BCXODTBQ.js?v=1d06c898:3672:22)
    at Object.invokeGuardedCallbackDev (http://localhost:5173/node_modules/.vite/deps/chunk-BCXODTBQ.js?v=1d06c898:3697:24)
    at invokeGuardedCallback (http://localhost:5173/node_modules/.vite/deps/chunk-BCXODTBQ.js?v=1d06c898:3731:39)
    at beginWork$1 (http://localhost:5173/node_modules/.vite/deps/chunk-BCXODTBQ.js?v=1d06c898:19763:15)
    at performUnitOfWork (http://localhost:5173/node_modules/.vite/deps/chunk-BCXODTBQ.js?v=1d06c898:19196:20)
[  421392ms] Error: Objects are not valid as a React child (found: object with keys {label, target}). If you meant to render a collection of children, use an array instead.
    at throwOnInvalidObjectType (http://localhost:5173/node_modules/.vite/deps/chunk-BCXODTBQ.js?v=1d06c898:9932:17)
    at reconcileChildFibers2 (http://localhost:5173/node_modules/.vite/deps/chunk-BCXODTBQ.js?v=1d06c898:10562:15)
    at reconcileChildren (http://localhost:5173/node_modules/.vite/deps/chunk-BCXODTBQ.js?v=1d06c898:14288:37)
    at updateHostComponent (http://localhost:5173/node_modules/.vite/deps/chunk-BCXODTBQ.js?v=1d06c898:14805:11)
    at beginWork (http://localhost:5173/node_modules/.vite/deps/chunk-BCXODTBQ.js?v=1d06c898:15933:22)
    at HTMLUnknownElement.callCallback2 (http://localhost:5173/node_modules/.vite/deps/chunk-BCXODTBQ.js?v=1d06c898:3672:22)
    at Object.invokeGuardedCallbackDev (http://localhost:5173/node_modules/.vite/deps/chunk-BCXODTBQ.js?v=1d06c898:3697:24)
    at invokeGuardedCallback (http://localhost:5173/node_modules/.vite/deps/chunk-BCXODTBQ.js?v=1d06c898:3731:39)
    at beginWork$1 (http://localhost:5173/node_modules/.vite/deps/chunk-BCXODTBQ.js?v=1d06c898:19763:15)
    at performUnitOfWork (http://localhost:5173/node_modules/.vite/deps/chunk-BCXODTBQ.js?v=1d06c898:19196:20)
[  421393ms] Error: Objects are not valid as a React child (found: object with keys {label, target}). If you meant to render a collection of children, use an array instead.
    at throwOnInvalidObjectType (http://localhost:5173/node_modules/.vite/deps/chunk-BCXODTBQ.js?v=1d06c898:9932:17)
    at reconcileChildFibers2 (http://localhost:5173/node_modules/.vite/deps/chunk-BCXODTBQ.js?v=1d06c898:10562:15)
    at reconcileChildren (http://localhost:5173/node_modules/.vite/deps/chunk-BCXODTBQ.js?v=1d06c898:14288:37)
    at updateHostComponent (http://localhost:5173/node_modules/.vite/deps/chunk-BCXODTBQ.js?v=1d06c898:14805:11)
    at beginWork (http://localhost:5173/node_modules/.vite/deps/chunk-BCXODTBQ.js?v=1d06c898:15933:22)
    at HTMLUnknownElement.callCallback2 (http://localhost:5173/node_modules/.vite/deps/chunk-BCXODTBQ.js?v=1d06c898:3672:22)
    at Object.invokeGuardedCallbackDev (http://localhost:5173/node_modules/.vite/deps/chunk-BCXODTBQ.js?v=1d06c898:3697:24)
    at invokeGuardedCallback (http://localhost:5173/node_modules/.vite/deps/chunk-BCXODTBQ.js?v=1d06c898:3731:39)
    at beginWork$1 (http://localhost:5173/node_modules/.vite/deps/chunk-BCXODTBQ.js?v=1d06c898:19763:15)
    at performUnitOfWork (http://localhost:5173/node_modules/.vite/deps/chunk-BCXODTBQ.js?v=1d06c898:19196:20)
[  421422ms] [ERROR] The above error occurred in the <a> component:

    at a
    at nav
    at div
    at header
    at MotionComponent (http://localhost:5173/node_modules/.vite/deps/framer-motion.js?v=1d06c898:943:40)
    at Navbar (http://localhost:5173/src/sections/Navbar.jsx?t=1782449508584:59:27)
    at div
    at MotionConfig (http://localhost:5173/node_modules/.vite/deps/framer-motion.js?v=1d06c898:677:25)
    at App

Consider adding an error boundary to your tree to customize error handling behavior.
Visit https://reactjs.org/link/error-boundaries to learn more about error boundaries. @ http://localhost:5173/node_modules/.vite/deps/chunk-BCXODTBQ.js?v=1d06c898:14029
[  421422ms] [ERROR] The above error occurred in the <a> component:

    at a
    at nav
    at div
    at header
    at MotionComponent (http://localhost:5173/node_modules/.vite/deps/framer-motion.js?v=1d06c898:943:40)
    at Navbar (http://localhost:5173/src/sections/Navbar.jsx?t=1782449508584:59:27)
    at div
    at MotionConfig (http://localhost:5173/node_modules/.vite/deps/framer-motion.js?v=1d06c898:677:25)
    at App

Consider adding an error boundary to your tree to customize error handling behavior.
Visit https://reactjs.org/link/error-boundaries to learn more about error boundaries. @ http://localhost:5173/node_modules/.vite/deps/chunk-BCXODTBQ.js?v=1d06c898:14029
[  421422ms] [ERROR] The above error occurred in the <a> component:

    at a
    at nav
    at div
    at header
    at MotionComponent (http://localhost:5173/node_modules/.vite/deps/framer-motion.js?v=1d06c898:943:40)
    at Navbar (http://localhost:5173/src/sections/Navbar.jsx?t=1782449508584:59:27)
    at div
    at MotionConfig (http://localhost:5173/node_modules/.vite/deps/framer-motion.js?v=1d06c898:677:25)
    at App

Consider adding an error boundary to your tree to customize error handling behavior.
Visit https://reactjs.org/link/error-boundaries to learn more about error boundaries. @ http://localhost:5173/node_modules/.vite/deps/chunk-BCXODTBQ.js?v=1d06c898:14029
[  421423ms] [ERROR] The above error occurred in the <a> component:

    at a
    at nav
    at div
    at header
    at MotionComponent (http://localhost:5173/node_modules/.vite/deps/framer-motion.js?v=1d06c898:943:40)
    at Navbar (http://localhost:5173/src/sections/Navbar.jsx?t=1782449508584:59:27)
    at div
    at MotionConfig (http://localhost:5173/node_modules/.vite/deps/framer-motion.js?v=1d06c898:677:25)
    at App

Consider adding an error boundary to your tree to customize error handling behavior.
Visit https://reactjs.org/link/error-boundaries to learn more about error boundaries. @ http://localhost:5173/node_modules/.vite/deps/chunk-BCXODTBQ.js?v=1d06c898:14029
[  421423ms] [ERROR] The above error occurred in the <a> component:

    at a
    at nav
    at div
    at header
    at MotionComponent (http://localhost:5173/node_modules/.vite/deps/framer-motion.js?v=1d06c898:943:40)
    at Navbar (http://localhost:5173/src/sections/Navbar.jsx?t=1782449508584:59:27)
    at div
    at MotionConfig (http://localhost:5173/node_modules/.vite/deps/framer-motion.js?v=1d06c898:677:25)
    at App

Consider adding an error boundary to your tree to customize error handling behavior.
Visit https://reactjs.org/link/error-boundaries to learn more about error boundaries. @ http://localhost:5173/node_modules/.vite/deps/chunk-BCXODTBQ.js?v=1d06c898:14029
[  421427ms] Error: Objects are not valid as a React child (found: object with keys {label, target}). If you meant to render a collection of children, use an array instead.
    at throwOnInvalidObjectType (http://localhost:5173/node_modules/.vite/deps/chunk-BCXODTBQ.js?v=1d06c898:9932:17)
    at reconcileChildFibers2 (http://localhost:5173/node_modules/.vite/deps/chunk-BCXODTBQ.js?v=1d06c898:10562:15)
    at reconcileChildren (http://localhost:5173/node_modules/.vite/deps/chunk-BCXODTBQ.js?v=1d06c898:14288:37)
    at updateHostComponent (http://localhost:5173/node_modules/.vite/deps/chunk-BCXODTBQ.js?v=1d06c898:14805:11)
    at beginWork (http://localhost:5173/node_modules/.vite/deps/chunk-BCXODTBQ.js?v=1d06c898:15933:22)
    at beginWork$1 (http://localhost:5173/node_modules/.vite/deps/chunk-BCXODTBQ.js?v=1d06c898:19751:22)
    at performUnitOfWork (http://localhost:5173/node_modules/.vite/deps/chunk-BCXODTBQ.js?v=1d06c898:19196:20)
    at workLoopSync (http://localhost:5173/node_modules/.vite/deps/chunk-BCXODTBQ.js?v=1d06c898:19135:13)
    at renderRootSync (http://localhost:5173/node_modules/.vite/deps/chunk-BCXODTBQ.js?v=1d06c898:19114:15)
    at recoverFromConcurrentError (http://localhost:5173/node_modules/.vite/deps/chunk-BCXODTBQ.js?v=1d06c898:18734:28)
[  472775ms] [ERROR] Warning: Encountered two children with the same key, `%s`. Keys should be unique so that components maintain their identity across updates. Non-unique keys may cause children to be duplicated and/or omitted — the behavior is unsupported and could change in a future version.%s [object Object] 
    at nav
    at div
    at header
    at MotionComponent (http://localhost:5173/node_modules/.vite/deps/framer-motion.js?v=1d06c898:943:40)
    at Navbar (http://localhost:5173/src/sections/Navbar.jsx?t=1782449508584:59:27)
    at div
    at MotionConfig (http://localhost:5173/node_modules/.vite/deps/framer-motion.js?v=1d06c898:677:25)
    at App @ http://localhost:5173/node_modules/.vite/deps/chunk-BCXODTBQ.js?v=1d06c898:518
[  472775ms] [ERROR] Warning: Encountered two children with the same key, `%s`. Keys should be unique so that components maintain their identity across updates. Non-unique keys may cause children to be duplicated and/or omitted — the behavior is unsupported and could change in a future version.%s [object Object] 
    at nav
    at div
    at header
    at MotionComponent (http://localhost:5173/node_modules/.vite/deps/framer-motion.js?v=1d06c898:943:40)
    at Navbar (http://localhost:5173/src/sections/Navbar.jsx?t=1782449508584:59:27)
    at div
    at MotionConfig (http://localhost:5173/node_modules/.vite/deps/framer-motion.js?v=1d06c898:677:25)
    at App @ http://localhost:5173/node_modules/.vite/deps/chunk-BCXODTBQ.js?v=1d06c898:518
[  472775ms] [ERROR] Warning: Encountered two children with the same key, `%s`. Keys should be unique so that components maintain their identity across updates. Non-unique keys may cause children to be duplicated and/or omitted — the behavior is unsupported and could change in a future version.%s [object Object] 
    at nav
    at div
    at header
    at MotionComponent (http://localhost:5173/node_modules/.vite/deps/framer-motion.js?v=1d06c898:943:40)
    at Navbar (http://localhost:5173/src/sections/Navbar.jsx?t=1782449508584:59:27)
    at div
    at MotionConfig (http://localhost:5173/node_modules/.vite/deps/framer-motion.js?v=1d06c898:677:25)
    at App @ http://localhost:5173/node_modules/.vite/deps/chunk-BCXODTBQ.js?v=1d06c898:518
[  472775ms] [ERROR] Warning: Encountered two children with the same key, `%s`. Keys should be unique so that components maintain their identity across updates. Non-unique keys may cause children to be duplicated and/or omitted — the behavior is unsupported and could change in a future version.%s [object Object] 
    at nav
    at div
    at header
    at MotionComponent (http://localhost:5173/node_modules/.vite/deps/framer-motion.js?v=1d06c898:943:40)
    at Navbar (http://localhost:5173/src/sections/Navbar.jsx?t=1782449508584:59:27)
    at div
    at MotionConfig (http://localhost:5173/node_modules/.vite/deps/framer-motion.js?v=1d06c898:677:25)
    at App @ http://localhost:5173/node_modules/.vite/deps/chunk-BCXODTBQ.js?v=1d06c898:518
[  472777ms] Error: Objects are not valid as a React child (found: object with keys {label, target}). If you meant to render a collection of children, use an array instead.
    at throwOnInvalidObjectType (http://localhost:5173/node_modules/.vite/deps/chunk-BCXODTBQ.js?v=1d06c898:9932:17)
    at reconcileChildFibers2 (http://localhost:5173/node_modules/.vite/deps/chunk-BCXODTBQ.js?v=1d06c898:10562:15)
    at reconcileChildren (http://localhost:5173/node_modules/.vite/deps/chunk-BCXODTBQ.js?v=1d06c898:14288:37)
    at updateHostComponent (http://localhost:5173/node_modules/.vite/deps/chunk-BCXODTBQ.js?v=1d06c898:14805:11)
    at beginWork (http://localhost:5173/node_modules/.vite/deps/chunk-BCXODTBQ.js?v=1d06c898:15933:22)
    at HTMLUnknownElement.callCallback2 (http://localhost:5173/node_modules/.vite/deps/chunk-BCXODTBQ.js?v=1d06c898:3672:22)
    at Object.invokeGuardedCallbackDev (http://localhost:5173/node_modules/.vite/deps/chunk-BCXODTBQ.js?v=1d06c898:3697:24)
    at invokeGuardedCallback (http://localhost:5173/node_modules/.vite/deps/chunk-BCXODTBQ.js?v=1d06c898:3731:39)
    at beginWork$1 (http://localhost:5173/node_modules/.vite/deps/chunk-BCXODTBQ.js?v=1d06c898:19763:15)
    at performUnitOfWork (http://localhost:5173/node_modules/.vite/deps/chunk-BCXODTBQ.js?v=1d06c898:19196:20)
[  472778ms] Error: Objects are not valid as a React child (found: object with keys {label, target}). If you meant to render a collection of children, use an array instead.
    at throwOnInvalidObjectType (http://localhost:5173/node_modules/.vite/deps/chunk-BCXODTBQ.js?v=1d06c898:9932:17)
    at reconcileChildFibers2 (http://localhost:5173/node_modules/.vite/deps/chunk-BCXODTBQ.js?v=1d06c898:10562:15)
    at reconcileChildren (http://localhost:5173/node_modules/.vite/deps/chunk-BCXODTBQ.js?v=1d06c898:14288:37)
    at updateHostComponent (http://localhost:5173/node_modules/.vite/deps/chunk-BCXODTBQ.js?v=1d06c898:14805:11)
    at beginWork (http://localhost:5173/node_modules/.vite/deps/chunk-BCXODTBQ.js?v=1d06c898:15933:22)
    at HTMLUnknownElement.callCallback2 (http://localhost:5173/node_modules/.vite/deps/chunk-BCXODTBQ.js?v=1d06c898:3672:22)
    at Object.invokeGuardedCallbackDev (http://localhost:5173/node_modules/.vite/deps/chunk-BCXODTBQ.js?v=1d06c898:3697:24)
    at invokeGuardedCallback (http://localhost:5173/node_modules/.vite/deps/chunk-BCXODTBQ.js?v=1d06c898:3731:39)
    at beginWork$1 (http://localhost:5173/node_modules/.vite/deps/chunk-BCXODTBQ.js?v=1d06c898:19763:15)
    at performUnitOfWork (http://localhost:5173/node_modules/.vite/deps/chunk-BCXODTBQ.js?v=1d06c898:19196:20)
[  472778ms] Error: Objects are not valid as a React child (found: object with keys {label, target}). If you meant to render a collection of children, use an array instead.
    at throwOnInvalidObjectType (http://localhost:5173/node_modules/.vite/deps/chunk-BCXODTBQ.js?v=1d06c898:9932:17)
    at reconcileChildFibers2 (http://localhost:5173/node_modules/.vite/deps/chunk-BCXODTBQ.js?v=1d06c898:10562:15)
    at reconcileChildren (http://localhost:5173/node_modules/.vite/deps/chunk-BCXODTBQ.js?v=1d06c898:14288:37)
    at updateHostComponent (http://localhost:5173/node_modules/.vite/deps/chunk-BCXODTBQ.js?v=1d06c898:14805:11)
    at beginWork (http://localhost:5173/node_modules/.vite/deps/chunk-BCXODTBQ.js?v=1d06c898:15933:22)
    at HTMLUnknownElement.callCallback2 (http://localhost:5173/node_modules/.vite/deps/chunk-BCXODTBQ.js?v=1d06c898:3672:22)
    at Object.invokeGuardedCallbackDev (http://localhost:5173/node_modules/.vite/deps/chunk-BCXODTBQ.js?v=1d06c898:3697:24)
    at invokeGuardedCallback (http://localhost:5173/node_modules/.vite/deps/chunk-BCXODTBQ.js?v=1d06c898:3731:39)
    at beginWork$1 (http://localhost:5173/node_modules/.vite/deps/chunk-BCXODTBQ.js?v=1d06c898:19763:15)
    at performUnitOfWork (http://localhost:5173/node_modules/.vite/deps/chunk-BCXODTBQ.js?v=1d06c898:19196:20)
[  472778ms] Error: Objects are not valid as a React child (found: object with keys {label, target}). If you meant to render a collection of children, use an array instead.
    at throwOnInvalidObjectType (http://localhost:5173/node_modules/.vite/deps/chunk-BCXODTBQ.js?v=1d06c898:9932:17)
    at reconcileChildFibers2 (http://localhost:5173/node_modules/.vite/deps/chunk-BCXODTBQ.js?v=1d06c898:10562:15)
    at reconcileChildren (http://localhost:5173/node_modules/.vite/deps/chunk-BCXODTBQ.js?v=1d06c898:14288:37)
    at updateHostComponent (http://localhost:5173/node_modules/.vite/deps/chunk-BCXODTBQ.js?v=1d06c898:14805:11)
    at beginWork (http://localhost:5173/node_modules/.vite/deps/chunk-BCXODTBQ.js?v=1d06c898:15933:22)
    at HTMLUnknownElement.callCallback2 (http://localhost:5173/node_modules/.vite/deps/chunk-BCXODTBQ.js?v=1d06c898:3672:22)
    at Object.invokeGuardedCallbackDev (http://localhost:5173/node_modules/.vite/deps/chunk-BCXODTBQ.js?v=1d06c898:3697:24)
    at invokeGuardedCallback (http://localhost:5173/node_modules/.vite/deps/chunk-BCXODTBQ.js?v=1d06c898:3731:39)
    at beginWork$1 (http://localhost:5173/node_modules/.vite/deps/chunk-BCXODTBQ.js?v=1d06c898:19763:15)
    at performUnitOfWork (http://localhost:5173/node_modules/.vite/deps/chunk-BCXODTBQ.js?v=1d06c898:19196:20)
[  472778ms] Error: Objects are not valid as a React child (found: object with keys {label, target}). If you meant to render a collection of children, use an array instead.
    at throwOnInvalidObjectType (http://localhost:5173/node_modules/.vite/deps/chunk-BCXODTBQ.js?v=1d06c898:9932:17)
    at reconcileChildFibers2 (http://localhost:5173/node_modules/.vite/deps/chunk-BCXODTBQ.js?v=1d06c898:10562:15)
    at reconcileChildren (http://localhost:5173/node_modules/.vite/deps/chunk-BCXODTBQ.js?v=1d06c898:14288:37)
    at updateHostComponent (http://localhost:5173/node_modules/.vite/deps/chunk-BCXODTBQ.js?v=1d06c898:14805:11)
    at beginWork (http://localhost:5173/node_modules/.vite/deps/chunk-BCXODTBQ.js?v=1d06c898:15933:22)
    at HTMLUnknownElement.callCallback2 (http://localhost:5173/node_modules/.vite/deps/chunk-BCXODTBQ.js?v=1d06c898:3672:22)
    at Object.invokeGuardedCallbackDev (http://localhost:5173/node_modules/.vite/deps/chunk-BCXODTBQ.js?v=1d06c898:3697:24)
    at invokeGuardedCallback (http://localhost:5173/node_modules/.vite/deps/chunk-BCXODTBQ.js?v=1d06c898:3731:39)
    at beginWork$1 (http://localhost:5173/node_modules/.vite/deps/chunk-BCXODTBQ.js?v=1d06c898:19763:15)
    at performUnitOfWork (http://localhost:5173/node_modules/.vite/deps/chunk-BCXODTBQ.js?v=1d06c898:19196:20)
[  472821ms] [ERROR] Warning: Encountered two children with the same key, `%s`. Keys should be unique so that components maintain their identity across updates. Non-unique keys may cause children to be duplicated and/or omitted — the behavior is unsupported and could change in a future version.%s [object Object] 
    at nav
    at div
    at header
    at MotionComponent (http://localhost:5173/node_modules/.vite/deps/framer-motion.js?v=1d06c898:943:40)
    at Navbar (http://localhost:5173/src/sections/Navbar.jsx?t=1782449508584:59:27)
    at div
    at MotionConfig (http://localhost:5173/node_modules/.vite/deps/framer-motion.js?v=1d06c898:677:25)
    at App @ http://localhost:5173/node_modules/.vite/deps/chunk-BCXODTBQ.js?v=1d06c898:518
[  472821ms] [ERROR] Warning: Encountered two children with the same key, `%s`. Keys should be unique so that components maintain their identity across updates. Non-unique keys may cause children to be duplicated and/or omitted — the behavior is unsupported and could change in a future version.%s [object Object] 
    at nav
    at div
    at header
    at MotionComponent (http://localhost:5173/node_modules/.vite/deps/framer-motion.js?v=1d06c898:943:40)
    at Navbar (http://localhost:5173/src/sections/Navbar.jsx?t=1782449508584:59:27)
    at div
    at MotionConfig (http://localhost:5173/node_modules/.vite/deps/framer-motion.js?v=1d06c898:677:25)
    at App @ http://localhost:5173/node_modules/.vite/deps/chunk-BCXODTBQ.js?v=1d06c898:518
[  472821ms] [ERROR] Warning: Encountered two children with the same key, `%s`. Keys should be unique so that components maintain their identity across updates. Non-unique keys may cause children to be duplicated and/or omitted — the behavior is unsupported and could change in a future version.%s [object Object] 
    at nav
    at div
    at header
    at MotionComponent (http://localhost:5173/node_modules/.vite/deps/framer-motion.js?v=1d06c898:943:40)
    at Navbar (http://localhost:5173/src/sections/Navbar.jsx?t=1782449508584:59:27)
    at div
    at MotionConfig (http://localhost:5173/node_modules/.vite/deps/framer-motion.js?v=1d06c898:677:25)
    at App @ http://localhost:5173/node_modules/.vite/deps/chunk-BCXODTBQ.js?v=1d06c898:518
[  472821ms] [ERROR] Warning: Encountered two children with the same key, `%s`. Keys should be unique so that components maintain their identity across updates. Non-unique keys may cause children to be duplicated and/or omitted — the behavior is unsupported and could change in a future version.%s [object Object] 
    at nav
    at div
    at header
    at MotionComponent (http://localhost:5173/node_modules/.vite/deps/framer-motion.js?v=1d06c898:943:40)
    at Navbar (http://localhost:5173/src/sections/Navbar.jsx?t=1782449508584:59:27)
    at div
    at MotionConfig (http://localhost:5173/node_modules/.vite/deps/framer-motion.js?v=1d06c898:677:25)
    at App @ http://localhost:5173/node_modules/.vite/deps/chunk-BCXODTBQ.js?v=1d06c898:518
[  472822ms] Error: Objects are not valid as a React child (found: object with keys {label, target}). If you meant to render a collection of children, use an array instead.
    at throwOnInvalidObjectType (http://localhost:5173/node_modules/.vite/deps/chunk-BCXODTBQ.js?v=1d06c898:9932:17)
    at reconcileChildFibers2 (http://localhost:5173/node_modules/.vite/deps/chunk-BCXODTBQ.js?v=1d06c898:10562:15)
    at reconcileChildren (http://localhost:5173/node_modules/.vite/deps/chunk-BCXODTBQ.js?v=1d06c898:14288:37)
    at updateHostComponent (http://localhost:5173/node_modules/.vite/deps/chunk-BCXODTBQ.js?v=1d06c898:14805:11)
    at beginWork (http://localhost:5173/node_modules/.vite/deps/chunk-BCXODTBQ.js?v=1d06c898:15933:22)
    at HTMLUnknownElement.callCallback2 (http://localhost:5173/node_modules/.vite/deps/chunk-BCXODTBQ.js?v=1d06c898:3672:22)
    at Object.invokeGuardedCallbackDev (http://localhost:5173/node_modules/.vite/deps/chunk-BCXODTBQ.js?v=1d06c898:3697:24)
    at invokeGuardedCallback (http://localhost:5173/node_modules/.vite/deps/chunk-BCXODTBQ.js?v=1d06c898:3731:39)
    at beginWork$1 (http://localhost:5173/node_modules/.vite/deps/chunk-BCXODTBQ.js?v=1d06c898:19763:15)
    at performUnitOfWork (http://localhost:5173/node_modules/.vite/deps/chunk-BCXODTBQ.js?v=1d06c898:19196:20)
[  472822ms] Error: Objects are not valid as a React child (found: object with keys {label, target}). If you meant to render a collection of children, use an array instead.
    at throwOnInvalidObjectType (http://localhost:5173/node_modules/.vite/deps/chunk-BCXODTBQ.js?v=1d06c898:9932:17)
    at reconcileChildFibers2 (http://localhost:5173/node_modules/.vite/deps/chunk-BCXODTBQ.js?v=1d06c898:10562:15)
    at reconcileChildren (http://localhost:5173/node_modules/.vite/deps/chunk-BCXODTBQ.js?v=1d06c898:14288:37)
    at updateHostComponent (http://localhost:5173/node_modules/.vite/deps/chunk-BCXODTBQ.js?v=1d06c898:14805:11)
    at beginWork (http://localhost:5173/node_modules/.vite/deps/chunk-BCXODTBQ.js?v=1d06c898:15933:22)
    at HTMLUnknownElement.callCallback2 (http://localhost:5173/node_modules/.vite/deps/chunk-BCXODTBQ.js?v=1d06c898:3672:22)
    at Object.invokeGuardedCallbackDev (http://localhost:5173/node_modules/.vite/deps/chunk-BCXODTBQ.js?v=1d06c898:3697:24)
    at invokeGuardedCallback (http://localhost:5173/node_modules/.vite/deps/chunk-BCXODTBQ.js?v=1d06c898:3731:39)
    at beginWork$1 (http://localhost:5173/node_modules/.vite/deps/chunk-BCXODTBQ.js?v=1d06c898:19763:15)
    at performUnitOfWork (http://localhost:5173/node_modules/.vite/deps/chunk-BCXODTBQ.js?v=1d06c898:19196:20)
[  472822ms] Error: Objects are not valid as a React child (found: object with keys {label, target}). If you meant to render a collection of children, use an array instead.
    at throwOnInvalidObjectType (http://localhost:5173/node_modules/.vite/deps/chunk-BCXODTBQ.js?v=1d06c898:9932:17)
    at reconcileChildFibers2 (http://localhost:5173/node_modules/.vite/deps/chunk-BCXODTBQ.js?v=1d06c898:10562:15)
    at reconcileChildren (http://localhost:5173/node_modules/.vite/deps/chunk-BCXODTBQ.js?v=1d06c898:14288:37)
    at updateHostComponent (http://localhost:5173/node_modules/.vite/deps/chunk-BCXODTBQ.js?v=1d06c898:14805:11)
    at beginWork (http://localhost:5173/node_modules/.vite/deps/chunk-BCXODTBQ.js?v=1d06c898:15933:22)
    at HTMLUnknownElement.callCallback2 (http://localhost:5173/node_modules/.vite/deps/chunk-BCXODTBQ.js?v=1d06c898:3672:22)
    at Object.invokeGuardedCallbackDev (http://localhost:5173/node_modules/.vite/deps/chunk-BCXODTBQ.js?v=1d06c898:3697:24)
    at invokeGuardedCallback (http://localhost:5173/node_modules/.vite/deps/chunk-BCXODTBQ.js?v=1d06c898:3731:39)
    at beginWork$1 (http://localhost:5173/node_modules/.vite/deps/chunk-BCXODTBQ.js?v=1d06c898:19763:15)
    at performUnitOfWork (http://localhost:5173/node_modules/.vite/deps/chunk-BCXODTBQ.js?v=1d06c898:19196:20)
[  472822ms] Error: Objects are not valid as a React child (found: object with keys {label, target}). If you meant to render a collection of children, use an array instead.
    at throwOnInvalidObjectType (http://localhost:5173/node_modules/.vite/deps/chunk-BCXODTBQ.js?v=1d06c898:9932:17)
    at reconcileChildFibers2 (http://localhost:5173/node_modules/.vite/deps/chunk-BCXODTBQ.js?v=1d06c898:10562:15)
    at reconcileChildren (http://localhost:5173/node_modules/.vite/deps/chunk-BCXODTBQ.js?v=1d06c898:14288:37)
    at updateHostComponent (http://localhost:5173/node_modules/.vite/deps/chunk-BCXODTBQ.js?v=1d06c898:14805:11)
    at beginWork (http://localhost:5173/node_modules/.vite/deps/chunk-BCXODTBQ.js?v=1d06c898:15933:22)
    at HTMLUnknownElement.callCallback2 (http://localhost:5173/node_modules/.vite/deps/chunk-BCXODTBQ.js?v=1d06c898:3672:22)
    at Object.invokeGuardedCallbackDev (http://localhost:5173/node_modules/.vite/deps/chunk-BCXODTBQ.js?v=1d06c898:3697:24)
    at invokeGuardedCallback (http://localhost:5173/node_modules/.vite/deps/chunk-BCXODTBQ.js?v=1d06c898:3731:39)
    at beginWork$1 (http://localhost:5173/node_modules/.vite/deps/chunk-BCXODTBQ.js?v=1d06c898:19763:15)
    at performUnitOfWork (http://localhost:5173/node_modules/.vite/deps/chunk-BCXODTBQ.js?v=1d06c898:19196:20)
[  472823ms] Error: Objects are not valid as a React child (found: object with keys {label, target}). If you meant to render a collection of children, use an array instead.
    at throwOnInvalidObjectType (http://localhost:5173/node_modules/.vite/deps/chunk-BCXODTBQ.js?v=1d06c898:9932:17)
    at reconcileChildFibers2 (http://localhost:5173/node_modules/.vite/deps/chunk-BCXODTBQ.js?v=1d06c898:10562:15)
    at reconcileChildren (http://localhost:5173/node_modules/.vite/deps/chunk-BCXODTBQ.js?v=1d06c898:14288:37)
    at updateHostComponent (http://localhost:5173/node_modules/.vite/deps/chunk-BCXODTBQ.js?v=1d06c898:14805:11)
    at beginWork (http://localhost:5173/node_modules/.vite/deps/chunk-BCXODTBQ.js?v=1d06c898:15933:22)
    at HTMLUnknownElement.callCallback2 (http://localhost:5173/node_modules/.vite/deps/chunk-BCXODTBQ.js?v=1d06c898:3672:22)
    at Object.invokeGuardedCallbackDev (http://localhost:5173/node_modules/.vite/deps/chunk-BCXODTBQ.js?v=1d06c898:3697:24)
    at invokeGuardedCallback (http://localhost:5173/node_modules/.vite/deps/chunk-BCXODTBQ.js?v=1d06c898:3731:39)
    at beginWork$1 (http://localhost:5173/node_modules/.vite/deps/chunk-BCXODTBQ.js?v=1d06c898:19763:15)
    at performUnitOfWork (http://localhost:5173/node_modules/.vite/deps/chunk-BCXODTBQ.js?v=1d06c898:19196:20)
[  472859ms] [ERROR] The above error occurred in the <a> component:

    at a
    at nav
    at div
    at header
    at MotionComponent (http://localhost:5173/node_modules/.vite/deps/framer-motion.js?v=1d06c898:943:40)
    at Navbar (http://localhost:5173/src/sections/Navbar.jsx?t=1782449508584:59:27)
    at div
    at MotionConfig (http://localhost:5173/node_modules/.vite/deps/framer-motion.js?v=1d06c898:677:25)
    at App

Consider adding an error boundary to your tree to customize error handling behavior.
Visit https://reactjs.org/link/error-boundaries to learn more about error boundaries. @ http://localhost:5173/node_modules/.vite/deps/chunk-BCXODTBQ.js?v=1d06c898:14029
[  472860ms] [ERROR] The above error occurred in the <a> component:

    at a
    at nav
    at div
    at header
    at MotionComponent (http://localhost:5173/node_modules/.vite/deps/framer-motion.js?v=1d06c898:943:40)
    at Navbar (http://localhost:5173/src/sections/Navbar.jsx?t=1782449508584:59:27)
    at div
    at MotionConfig (http://localhost:5173/node_modules/.vite/deps/framer-motion.js?v=1d06c898:677:25)
    at App

Consider adding an error boundary to your tree to customize error handling behavior.
Visit https://reactjs.org/link/error-boundaries to learn more about error boundaries. @ http://localhost:5173/node_modules/.vite/deps/chunk-BCXODTBQ.js?v=1d06c898:14029
[  472860ms] [ERROR] The above error occurred in the <a> component:

    at a
    at nav
    at div
    at header
    at MotionComponent (http://localhost:5173/node_modules/.vite/deps/framer-motion.js?v=1d06c898:943:40)
    at Navbar (http://localhost:5173/src/sections/Navbar.jsx?t=1782449508584:59:27)
    at div
    at MotionConfig (http://localhost:5173/node_modules/.vite/deps/framer-motion.js?v=1d06c898:677:25)
    at App

Consider adding an error boundary to your tree to customize error handling behavior.
Visit https://reactjs.org/link/error-boundaries to learn more about error boundaries. @ http://localhost:5173/node_modules/.vite/deps/chunk-BCXODTBQ.js?v=1d06c898:14029
[  472860ms] [ERROR] The above error occurred in the <a> component:

    at a
    at nav
    at div
    at header
    at MotionComponent (http://localhost:5173/node_modules/.vite/deps/framer-motion.js?v=1d06c898:943:40)
    at Navbar (http://localhost:5173/src/sections/Navbar.jsx?t=1782449508584:59:27)
    at div
    at MotionConfig (http://localhost:5173/node_modules/.vite/deps/framer-motion.js?v=1d06c898:677:25)
    at App

Consider adding an error boundary to your tree to customize error handling behavior.
Visit https://reactjs.org/link/error-boundaries to learn more about error boundaries. @ http://localhost:5173/node_modules/.vite/deps/chunk-BCXODTBQ.js?v=1d06c898:14029
[  472860ms] [ERROR] The above error occurred in the <a> component:

    at a
    at nav
    at div
    at header
    at MotionComponent (http://localhost:5173/node_modules/.vite/deps/framer-motion.js?v=1d06c898:943:40)
    at Navbar (http://localhost:5173/src/sections/Navbar.jsx?t=1782449508584:59:27)
    at div
    at MotionConfig (http://localhost:5173/node_modules/.vite/deps/framer-motion.js?v=1d06c898:677:25)
    at App

Consider adding an error boundary to your tree to customize error handling behavior.
Visit https://reactjs.org/link/error-boundaries to learn more about error boundaries. @ http://localhost:5173/node_modules/.vite/deps/chunk-BCXODTBQ.js?v=1d06c898:14029
[  472860ms] Error: Objects are not valid as a React child (found: object with keys {label, target}). If you meant to render a collection of children, use an array instead.
    at throwOnInvalidObjectType (http://localhost:5173/node_modules/.vite/deps/chunk-BCXODTBQ.js?v=1d06c898:9932:17)
    at reconcileChildFibers2 (http://localhost:5173/node_modules/.vite/deps/chunk-BCXODTBQ.js?v=1d06c898:10562:15)
    at reconcileChildren (http://localhost:5173/node_modules/.vite/deps/chunk-BCXODTBQ.js?v=1d06c898:14288:37)
    at updateHostComponent (http://localhost:5173/node_modules/.vite/deps/chunk-BCXODTBQ.js?v=1d06c898:14805:11)
    at beginWork (http://localhost:5173/node_modules/.vite/deps/chunk-BCXODTBQ.js?v=1d06c898:15933:22)
    at beginWork$1 (http://localhost:5173/node_modules/.vite/deps/chunk-BCXODTBQ.js?v=1d06c898:19751:22)
    at performUnitOfWork (http://localhost:5173/node_modules/.vite/deps/chunk-BCXODTBQ.js?v=1d06c898:19196:20)
    at workLoopSync (http://localhost:5173/node_modules/.vite/deps/chunk-BCXODTBQ.js?v=1d06c898:19135:13)
    at renderRootSync (http://localhost:5173/node_modules/.vite/deps/chunk-BCXODTBQ.js?v=1d06c898:19114:15)
    at recoverFromConcurrentError (http://localhost:5173/node_modules/.vite/deps/chunk-BCXODTBQ.js?v=1d06c898:18734:28)
[  481958ms] [ERROR] Warning: Encountered two children with the same key, `%s`. Keys should be unique so that components maintain their identity across updates. Non-unique keys may cause children to be duplicated and/or omitted — the behavior is unsupported and could change in a future version.%s [object Object] 
    at nav
    at div
    at header
    at MotionComponent (http://localhost:5173/node_modules/.vite/deps/framer-motion.js?v=1d06c898:943:40)
    at Navbar (http://localhost:5173/src/sections/Navbar.jsx?t=1782449508584:59:27)
    at div
    at VideoModalProvider (http://localhost:5173/src/components/VideoModal.jsx:29:38)
    at MotionConfig (http://localhost:5173/node_modules/.vite/deps/framer-motion.js?v=1d06c898:677:25)
    at App @ http://localhost:5173/node_modules/.vite/deps/chunk-BCXODTBQ.js?v=1d06c898:518
[  481958ms] [ERROR] Warning: Encountered two children with the same key, `%s`. Keys should be unique so that components maintain their identity across updates. Non-unique keys may cause children to be duplicated and/or omitted — the behavior is unsupported and could change in a future version.%s [object Object] 
    at nav
    at div
    at header
    at MotionComponent (http://localhost:5173/node_modules/.vite/deps/framer-motion.js?v=1d06c898:943:40)
    at Navbar (http://localhost:5173/src/sections/Navbar.jsx?t=1782449508584:59:27)
    at div
    at VideoModalProvider (http://localhost:5173/src/components/VideoModal.jsx:29:38)
    at MotionConfig (http://localhost:5173/node_modules/.vite/deps/framer-motion.js?v=1d06c898:677:25)
    at App @ http://localhost:5173/node_modules/.vite/deps/chunk-BCXODTBQ.js?v=1d06c898:518
[  481958ms] [ERROR] Warning: Encountered two children with the same key, `%s`. Keys should be unique so that components maintain their identity across updates. Non-unique keys may cause children to be duplicated and/or omitted — the behavior is unsupported and could change in a future version.%s [object Object] 
    at nav
    at div
    at header
    at MotionComponent (http://localhost:5173/node_modules/.vite/deps/framer-motion.js?v=1d06c898:943:40)
    at Navbar (http://localhost:5173/src/sections/Navbar.jsx?t=1782449508584:59:27)
    at div
    at VideoModalProvider (http://localhost:5173/src/components/VideoModal.jsx:29:38)
    at MotionConfig (http://localhost:5173/node_modules/.vite/deps/framer-motion.js?v=1d06c898:677:25)
    at App @ http://localhost:5173/node_modules/.vite/deps/chunk-BCXODTBQ.js?v=1d06c898:518
[  481959ms] [ERROR] Warning: Encountered two children with the same key, `%s`. Keys should be unique so that components maintain their identity across updates. Non-unique keys may cause children to be duplicated and/or omitted — the behavior is unsupported and could change in a future version.%s [object Object] 
    at nav
    at div
    at header
    at MotionComponent (http://localhost:5173/node_modules/.vite/deps/framer-motion.js?v=1d06c898:943:40)
    at Navbar (http://localhost:5173/src/sections/Navbar.jsx?t=1782449508584:59:27)
    at div
    at VideoModalProvider (http://localhost:5173/src/components/VideoModal.jsx:29:38)
    at MotionConfig (http://localhost:5173/node_modules/.vite/deps/framer-motion.js?v=1d06c898:677:25)
    at App @ http://localhost:5173/node_modules/.vite/deps/chunk-BCXODTBQ.js?v=1d06c898:518
[  481961ms] Error: Objects are not valid as a React child (found: object with keys {label, target}). If you meant to render a collection of children, use an array instead.
    at throwOnInvalidObjectType (http://localhost:5173/node_modules/.vite/deps/chunk-BCXODTBQ.js?v=1d06c898:9932:17)
    at reconcileChildFibers2 (http://localhost:5173/node_modules/.vite/deps/chunk-BCXODTBQ.js?v=1d06c898:10562:15)
    at reconcileChildren (http://localhost:5173/node_modules/.vite/deps/chunk-BCXODTBQ.js?v=1d06c898:14288:37)
    at updateHostComponent (http://localhost:5173/node_modules/.vite/deps/chunk-BCXODTBQ.js?v=1d06c898:14805:11)
    at beginWork (http://localhost:5173/node_modules/.vite/deps/chunk-BCXODTBQ.js?v=1d06c898:15933:22)
    at HTMLUnknownElement.callCallback2 (http://localhost:5173/node_modules/.vite/deps/chunk-BCXODTBQ.js?v=1d06c898:3672:22)
    at Object.invokeGuardedCallbackDev (http://localhost:5173/node_modules/.vite/deps/chunk-BCXODTBQ.js?v=1d06c898:3697:24)
    at invokeGuardedCallback (http://localhost:5173/node_modules/.vite/deps/chunk-BCXODTBQ.js?v=1d06c898:3731:39)
    at beginWork$1 (http://localhost:5173/node_modules/.vite/deps/chunk-BCXODTBQ.js?v=1d06c898:19763:15)
    at performUnitOfWork (http://localhost:5173/node_modules/.vite/deps/chunk-BCXODTBQ.js?v=1d06c898:19196:20)
[  481961ms] Error: Objects are not valid as a React child (found: object with keys {label, target}). If you meant to render a collection of children, use an array instead.
    at throwOnInvalidObjectType (http://localhost:5173/node_modules/.vite/deps/chunk-BCXODTBQ.js?v=1d06c898:9932:17)
    at reconcileChildFibers2 (http://localhost:5173/node_modules/.vite/deps/chunk-BCXODTBQ.js?v=1d06c898:10562:15)
    at reconcileChildren (http://localhost:5173/node_modules/.vite/deps/chunk-BCXODTBQ.js?v=1d06c898:14288:37)
    at updateHostComponent (http://localhost:5173/node_modules/.vite/deps/chunk-BCXODTBQ.js?v=1d06c898:14805:11)
    at beginWork (http://localhost:5173/node_modules/.vite/deps/chunk-BCXODTBQ.js?v=1d06c898:15933:22)
    at HTMLUnknownElement.callCallback2 (http://localhost:5173/node_modules/.vite/deps/chunk-BCXODTBQ.js?v=1d06c898:3672:22)
    at Object.invokeGuardedCallbackDev (http://localhost:5173/node_modules/.vite/deps/chunk-BCXODTBQ.js?v=1d06c898:3697:24)
    at invokeGuardedCallback (http://localhost:5173/node_modules/.vite/deps/chunk-BCXODTBQ.js?v=1d06c898:3731:39)
    at beginWork$1 (http://localhost:5173/node_modules/.vite/deps/chunk-BCXODTBQ.js?v=1d06c898:19763:15)
    at performUnitOfWork (http://localhost:5173/node_modules/.vite/deps/chunk-BCXODTBQ.js?v=1d06c898:19196:20)
[  481961ms] Error: Objects are not valid as a React child (found: object with keys {label, target}). If you meant to render a collection of children, use an array instead.
    at throwOnInvalidObjectType (http://localhost:5173/node_modules/.vite/deps/chunk-BCXODTBQ.js?v=1d06c898:9932:17)
    at reconcileChildFibers2 (http://localhost:5173/node_modules/.vite/deps/chunk-BCXODTBQ.js?v=1d06c898:10562:15)
    at reconcileChildren (http://localhost:5173/node_modules/.vite/deps/chunk-BCXODTBQ.js?v=1d06c898:14288:37)
    at updateHostComponent (http://localhost:5173/node_modules/.vite/deps/chunk-BCXODTBQ.js?v=1d06c898:14805:11)
    at beginWork (http://localhost:5173/node_modules/.vite/deps/chunk-BCXODTBQ.js?v=1d06c898:15933:22)
    at HTMLUnknownElement.callCallback2 (http://localhost:5173/node_modules/.vite/deps/chunk-BCXODTBQ.js?v=1d06c898:3672:22)
    at Object.invokeGuardedCallbackDev (http://localhost:5173/node_modules/.vite/deps/chunk-BCXODTBQ.js?v=1d06c898:3697:24)
    at invokeGuardedCallback (http://localhost:5173/node_modules/.vite/deps/chunk-BCXODTBQ.js?v=1d06c898:3731:39)
    at beginWork$1 (http://localhost:5173/node_modules/.vite/deps/chunk-BCXODTBQ.js?v=1d06c898:19763:15)
    at performUnitOfWork (http://localhost:5173/node_modules/.vite/deps/chunk-BCXODTBQ.js?v=1d06c898:19196:20)
[  481962ms] Error: Objects are not valid as a React child (found: object with keys {label, target}). If you meant to render a collection of children, use an array instead.
    at throwOnInvalidObjectType (http://localhost:5173/node_modules/.vite/deps/chunk-BCXODTBQ.js?v=1d06c898:9932:17)
    at reconcileChildFibers2 (http://localhost:5173/node_modules/.vite/deps/chunk-BCXODTBQ.js?v=1d06c898:10562:15)
    at reconcileChildren (http://localhost:5173/node_modules/.vite/deps/chunk-BCXODTBQ.js?v=1d06c898:14288:37)
    at updateHostComponent (http://localhost:5173/node_modules/.vite/deps/chunk-BCXODTBQ.js?v=1d06c898:14805:11)
    at beginWork (http://localhost:5173/node_modules/.vite/deps/chunk-BCXODTBQ.js?v=1d06c898:15933:22)
    at HTMLUnknownElement.callCallback2 (http://localhost:5173/node_modules/.vite/deps/chunk-BCXODTBQ.js?v=1d06c898:3672:22)
    at Object.invokeGuardedCallbackDev (http://localhost:5173/node_modules/.vite/deps/chunk-BCXODTBQ.js?v=1d06c898:3697:24)
    at invokeGuardedCallback (http://localhost:5173/node_modules/.vite/deps/chunk-BCXODTBQ.js?v=1d06c898:3731:39)
    at beginWork$1 (http://localhost:5173/node_modules/.vite/deps/chunk-BCXODTBQ.js?v=1d06c898:19763:15)
    at performUnitOfWork (http://localhost:5173/node_modules/.vite/deps/chunk-BCXODTBQ.js?v=1d06c898:19196:20)
[  481962ms] Error: Objects are not valid as a React child (found: object with keys {label, target}). If you meant to render a collection of children, use an array instead.
    at throwOnInvalidObjectType (http://localhost:5173/node_modules/.vite/deps/chunk-BCXODTBQ.js?v=1d06c898:9932:17)
    at reconcileChildFibers2 (http://localhost:5173/node_modules/.vite/deps/chunk-BCXODTBQ.js?v=1d06c898:10562:15)
    at reconcileChildren (http://localhost:5173/node_modules/.vite/deps/chunk-BCXODTBQ.js?v=1d06c898:14288:37)
    at updateHostComponent (http://localhost:5173/node_modules/.vite/deps/chunk-BCXODTBQ.js?v=1d06c898:14805:11)
    at beginWork (http://localhost:5173/node_modules/.vite/deps/chunk-BCXODTBQ.js?v=1d06c898:15933:22)
    at HTMLUnknownElement.callCallback2 (http://localhost:5173/node_modules/.vite/deps/chunk-BCXODTBQ.js?v=1d06c898:3672:22)
    at Object.invokeGuardedCallbackDev (http://localhost:5173/node_modules/.vite/deps/chunk-BCXODTBQ.js?v=1d06c898:3697:24)
    at invokeGuardedCallback (http://localhost:5173/node_modules/.vite/deps/chunk-BCXODTBQ.js?v=1d06c898:3731:39)
    at beginWork$1 (http://localhost:5173/node_modules/.vite/deps/chunk-BCXODTBQ.js?v=1d06c898:19763:15)
    at performUnitOfWork (http://localhost:5173/node_modules/.vite/deps/chunk-BCXODTBQ.js?v=1d06c898:19196:20)
[  481996ms] [ERROR] Warning: Encountered two children with the same key, `%s`. Keys should be unique so that components maintain their identity across updates. Non-unique keys may cause children to be duplicated and/or omitted — the behavior is unsupported and could change in a future version.%s [object Object] 
    at nav
    at div
    at header
    at MotionComponent (http://localhost:5173/node_modules/.vite/deps/framer-motion.js?v=1d06c898:943:40)
    at Navbar (http://localhost:5173/src/sections/Navbar.jsx?t=1782449508584:59:27)
    at div
    at VideoModalProvider (http://localhost:5173/src/components/VideoModal.jsx:29:38)
    at MotionConfig (http://localhost:5173/node_modules/.vite/deps/framer-motion.js?v=1d06c898:677:25)
    at App @ http://localhost:5173/node_modules/.vite/deps/chunk-BCXODTBQ.js?v=1d06c898:518
[  481997ms] [ERROR] Warning: Encountered two children with the same key, `%s`. Keys should be unique so that components maintain their identity across updates. Non-unique keys may cause children to be duplicated and/or omitted — the behavior is unsupported and could change in a future version.%s [object Object] 
    at nav
    at div
    at header
    at MotionComponent (http://localhost:5173/node_modules/.vite/deps/framer-motion.js?v=1d06c898:943:40)
    at Navbar (http://localhost:5173/src/sections/Navbar.jsx?t=1782449508584:59:27)
    at div
    at VideoModalProvider (http://localhost:5173/src/components/VideoModal.jsx:29:38)
    at MotionConfig (http://localhost:5173/node_modules/.vite/deps/framer-motion.js?v=1d06c898:677:25)
    at App @ http://localhost:5173/node_modules/.vite/deps/chunk-BCXODTBQ.js?v=1d06c898:518
[  481997ms] [ERROR] Warning: Encountered two children with the same key, `%s`. Keys should be unique so that components maintain their identity across updates. Non-unique keys may cause children to be duplicated and/or omitted — the behavior is unsupported and could change in a future version.%s [object Object] 
    at nav
    at div
    at header
    at MotionComponent (http://localhost:5173/node_modules/.vite/deps/framer-motion.js?v=1d06c898:943:40)
    at Navbar (http://localhost:5173/src/sections/Navbar.jsx?t=1782449508584:59:27)
    at div
    at VideoModalProvider (http://localhost:5173/src/components/VideoModal.jsx:29:38)
    at MotionConfig (http://localhost:5173/node_modules/.vite/deps/framer-motion.js?v=1d06c898:677:25)
    at App @ http://localhost:5173/node_modules/.vite/deps/chunk-BCXODTBQ.js?v=1d06c898:518
[  481997ms] [ERROR] Warning: Encountered two children with the same key, `%s`. Keys should be unique so that components maintain their identity across updates. Non-unique keys may cause children to be duplicated and/or omitted — the behavior is unsupported and could change in a future version.%s [object Object] 
    at nav
    at div
    at header
    at MotionComponent (http://localhost:5173/node_modules/.vite/deps/framer-motion.js?v=1d06c898:943:40)
    at Navbar (http://localhost:5173/src/sections/Navbar.jsx?t=1782449508584:59:27)
    at div
    at VideoModalProvider (http://localhost:5173/src/components/VideoModal.jsx:29:38)
    at MotionConfig (http://localhost:5173/node_modules/.vite/deps/framer-motion.js?v=1d06c898:677:25)
    at App @ http://localhost:5173/node_modules/.vite/deps/chunk-BCXODTBQ.js?v=1d06c898:518
[  481998ms] Error: Objects are not valid as a React child (found: object with keys {label, target}). If you meant to render a collection of children, use an array instead.
    at throwOnInvalidObjectType (http://localhost:5173/node_modules/.vite/deps/chunk-BCXODTBQ.js?v=1d06c898:9932:17)
    at reconcileChildFibers2 (http://localhost:5173/node_modules/.vite/deps/chunk-BCXODTBQ.js?v=1d06c898:10562:15)
    at reconcileChildren (http://localhost:5173/node_modules/.vite/deps/chunk-BCXODTBQ.js?v=1d06c898:14288:37)
    at updateHostComponent (http://localhost:5173/node_modules/.vite/deps/chunk-BCXODTBQ.js?v=1d06c898:14805:11)
    at beginWork (http://localhost:5173/node_modules/.vite/deps/chunk-BCXODTBQ.js?v=1d06c898:15933:22)
    at HTMLUnknownElement.callCallback2 (http://localhost:5173/node_modules/.vite/deps/chunk-BCXODTBQ.js?v=1d06c898:3672:22)
    at Object.invokeGuardedCallbackDev (http://localhost:5173/node_modules/.vite/deps/chunk-BCXODTBQ.js?v=1d06c898:3697:24)
    at invokeGuardedCallback (http://localhost:5173/node_modules/.vite/deps/chunk-BCXODTBQ.js?v=1d06c898:3731:39)
    at beginWork$1 (http://localhost:5173/node_modules/.vite/deps/chunk-BCXODTBQ.js?v=1d06c898:19763:15)
    at performUnitOfWork (http://localhost:5173/node_modules/.vite/deps/chunk-BCXODTBQ.js?v=1d06c898:19196:20)
[  481998ms] Error: Objects are not valid as a React child (found: object with keys {label, target}). If you meant to render a collection of children, use an array instead.
    at throwOnInvalidObjectType (http://localhost:5173/node_modules/.vite/deps/chunk-BCXODTBQ.js?v=1d06c898:9932:17)
    at reconcileChildFibers2 (http://localhost:5173/node_modules/.vite/deps/chunk-BCXODTBQ.js?v=1d06c898:10562:15)
    at reconcileChildren (http://localhost:5173/node_modules/.vite/deps/chunk-BCXODTBQ.js?v=1d06c898:14288:37)
    at updateHostComponent (http://localhost:5173/node_modules/.vite/deps/chunk-BCXODTBQ.js?v=1d06c898:14805:11)
    at beginWork (http://localhost:5173/node_modules/.vite/deps/chunk-BCXODTBQ.js?v=1d06c898:15933:22)
    at HTMLUnknownElement.callCallback2 (http://localhost:5173/node_modules/.vite/deps/chunk-BCXODTBQ.js?v=1d06c898:3672:22)
    at Object.invokeGuardedCallbackDev (http://localhost:5173/node_modules/.vite/deps/chunk-BCXODTBQ.js?v=1d06c898:3697:24)
    at invokeGuardedCallback (http://localhost:5173/node_modules/.vite/deps/chunk-BCXODTBQ.js?v=1d06c898:3731:39)
    at beginWork$1 (http://localhost:5173/node_modules/.vite/deps/chunk-BCXODTBQ.js?v=1d06c898:19763:15)
    at performUnitOfWork (http://localhost:5173/node_modules/.vite/deps/chunk-BCXODTBQ.js?v=1d06c898:19196:20)
[  481998ms] Error: Objects are not valid as a React child (found: object with keys {label, target}). If you meant to render a collection of children, use an array instead.
    at throwOnInvalidObjectType (http://localhost:5173/node_modules/.vite/deps/chunk-BCXODTBQ.js?v=1d06c898:9932:17)
    at reconcileChildFibers2 (http://localhost:5173/node_modules/.vite/deps/chunk-BCXODTBQ.js?v=1d06c898:10562:15)
    at reconcileChildren (http://localhost:5173/node_modules/.vite/deps/chunk-BCXODTBQ.js?v=1d06c898:14288:37)
    at updateHostComponent (http://localhost:5173/node_modules/.vite/deps/chunk-BCXODTBQ.js?v=1d06c898:14805:11)
    at beginWork (http://localhost:5173/node_modules/.vite/deps/chunk-BCXODTBQ.js?v=1d06c898:15933:22)
    at HTMLUnknownElement.callCallback2 (http://localhost:5173/node_modules/.vite/deps/chunk-BCXODTBQ.js?v=1d06c898:3672:22)
    at Object.invokeGuardedCallbackDev (http://localhost:5173/node_modules/.vite/deps/chunk-BCXODTBQ.js?v=1d06c898:3697:24)
    at invokeGuardedCallback (http://localhost:5173/node_modules/.vite/deps/chunk-BCXODTBQ.js?v=1d06c898:3731:39)
    at beginWork$1 (http://localhost:5173/node_modules/.vite/deps/chunk-BCXODTBQ.js?v=1d06c898:19763:15)
    at performUnitOfWork (http://localhost:5173/node_modules/.vite/deps/chunk-BCXODTBQ.js?v=1d06c898:19196:20)
[  481998ms] Error: Objects are not valid as a React child (found: object with keys {label, target}). If you meant to render a collection of children, use an array instead.
    at throwOnInvalidObjectType (http://localhost:5173/node_modules/.vite/deps/chunk-BCXODTBQ.js?v=1d06c898:9932:17)
    at reconcileChildFibers2 (http://localhost:5173/node_modules/.vite/deps/chunk-BCXODTBQ.js?v=1d06c898:10562:15)
    at reconcileChildren (http://localhost:5173/node_modules/.vite/deps/chunk-BCXODTBQ.js?v=1d06c898:14288:37)
    at updateHostComponent (http://localhost:5173/node_modules/.vite/deps/chunk-BCXODTBQ.js?v=1d06c898:14805:11)
    at beginWork (http://localhost:5173/node_modules/.vite/deps/chunk-BCXODTBQ.js?v=1d06c898:15933:22)
    at HTMLUnknownElement.callCallback2 (http://localhost:5173/node_modules/.vite/deps/chunk-BCXODTBQ.js?v=1d06c898:3672:22)
    at Object.invokeGuardedCallbackDev (http://localhost:5173/node_modules/.vite/deps/chunk-BCXODTBQ.js?v=1d06c898:3697:24)
    at invokeGuardedCallback (http://localhost:5173/node_modules/.vite/deps/chunk-BCXODTBQ.js?v=1d06c898:3731:39)
    at beginWork$1 (http://localhost:5173/node_modules/.vite/deps/chunk-BCXODTBQ.js?v=1d06c898:19763:15)
    at performUnitOfWork (http://localhost:5173/node_modules/.vite/deps/chunk-BCXODTBQ.js?v=1d06c898:19196:20)
[  481998ms] Error: Objects are not valid as a React child (found: object with keys {label, target}). If you meant to render a collection of children, use an array instead.
    at throwOnInvalidObjectType (http://localhost:5173/node_modules/.vite/deps/chunk-BCXODTBQ.js?v=1d06c898:9932:17)
    at reconcileChildFibers2 (http://localhost:5173/node_modules/.vite/deps/chunk-BCXODTBQ.js?v=1d06c898:10562:15)
    at reconcileChildren (http://localhost:5173/node_modules/.vite/deps/chunk-BCXODTBQ.js?v=1d06c898:14288:37)
    at updateHostComponent (http://localhost:5173/node_modules/.vite/deps/chunk-BCXODTBQ.js?v=1d06c898:14805:11)
    at beginWork (http://localhost:5173/node_modules/.vite/deps/chunk-BCXODTBQ.js?v=1d06c898:15933:22)
    at HTMLUnknownElement.callCallback2 (http://localhost:5173/node_modules/.vite/deps/chunk-BCXODTBQ.js?v=1d06c898:3672:22)
    at Object.invokeGuardedCallbackDev (http://localhost:5173/node_modules/.vite/deps/chunk-BCXODTBQ.js?v=1d06c898:3697:24)
    at invokeGuardedCallback (http://localhost:5173/node_modules/.vite/deps/chunk-BCXODTBQ.js?v=1d06c898:3731:39)
    at beginWork$1 (http://localhost:5173/node_modules/.vite/deps/chunk-BCXODTBQ.js?v=1d06c898:19763:15)
    at performUnitOfWork (http://localhost:5173/node_modules/.vite/deps/chunk-BCXODTBQ.js?v=1d06c898:19196:20)
[  482031ms] [ERROR] The above error occurred in the <a> component:

    at a
    at nav
    at div
    at header
    at MotionComponent (http://localhost:5173/node_modules/.vite/deps/framer-motion.js?v=1d06c898:943:40)
    at Navbar (http://localhost:5173/src/sections/Navbar.jsx?t=1782449508584:59:27)
    at div
    at VideoModalProvider (http://localhost:5173/src/components/VideoModal.jsx:29:38)
    at MotionConfig (http://localhost:5173/node_modules/.vite/deps/framer-motion.js?v=1d06c898:677:25)
    at App

Consider adding an error boundary to your tree to customize error handling behavior.
Visit https://reactjs.org/link/error-boundaries to learn more about error boundaries. @ http://localhost:5173/node_modules/.vite/deps/chunk-BCXODTBQ.js?v=1d06c898:14029
[  482031ms] [ERROR] The above error occurred in the <a> component:

    at a
    at nav
    at div
    at header
    at MotionComponent (http://localhost:5173/node_modules/.vite/deps/framer-motion.js?v=1d06c898:943:40)
    at Navbar (http://localhost:5173/src/sections/Navbar.jsx?t=1782449508584:59:27)
    at div
    at VideoModalProvider (http://localhost:5173/src/components/VideoModal.jsx:29:38)
    at MotionConfig (http://localhost:5173/node_modules/.vite/deps/framer-motion.js?v=1d06c898:677:25)
    at App

Consider adding an error boundary to your tree to customize error handling behavior.
Visit https://reactjs.org/link/error-boundaries to learn more about error boundaries. @ http://localhost:5173/node_modules/.vite/deps/chunk-BCXODTBQ.js?v=1d06c898:14029
[  482031ms] [ERROR] The above error occurred in the <a> component:

    at a
    at nav
    at div
    at header
    at MotionComponent (http://localhost:5173/node_modules/.vite/deps/framer-motion.js?v=1d06c898:943:40)
    at Navbar (http://localhost:5173/src/sections/Navbar.jsx?t=1782449508584:59:27)
    at div
    at VideoModalProvider (http://localhost:5173/src/components/VideoModal.jsx:29:38)
    at MotionConfig (http://localhost:5173/node_modules/.vite/deps/framer-motion.js?v=1d06c898:677:25)
    at App

Consider adding an error boundary to your tree to customize error handling behavior.
Visit https://reactjs.org/link/error-boundaries to learn more about error boundaries. @ http://localhost:5173/node_modules/.vite/deps/chunk-BCXODTBQ.js?v=1d06c898:14029
[  482032ms] [ERROR] The above error occurred in the <a> component:

    at a
    at nav
    at div
    at header
    at MotionComponent (http://localhost:5173/node_modules/.vite/deps/framer-motion.js?v=1d06c898:943:40)
    at Navbar (http://localhost:5173/src/sections/Navbar.jsx?t=1782449508584:59:27)
    at div
    at VideoModalProvider (http://localhost:5173/src/components/VideoModal.jsx:29:38)
    at MotionConfig (http://localhost:5173/node_modules/.vite/deps/framer-motion.js?v=1d06c898:677:25)
    at App

Consider adding an error boundary to your tree to customize error handling behavior.
Visit https://reactjs.org/link/error-boundaries to learn more about error boundaries. @ http://localhost:5173/node_modules/.vite/deps/chunk-BCXODTBQ.js?v=1d06c898:14029
[  482032ms] [ERROR] The above error occurred in the <a> component:

    at a
    at nav
    at div
    at header
    at MotionComponent (http://localhost:5173/node_modules/.vite/deps/framer-motion.js?v=1d06c898:943:40)
    at Navbar (http://localhost:5173/src/sections/Navbar.jsx?t=1782449508584:59:27)
    at div
    at VideoModalProvider (http://localhost:5173/src/components/VideoModal.jsx:29:38)
    at MotionConfig (http://localhost:5173/node_modules/.vite/deps/framer-motion.js?v=1d06c898:677:25)
    at App

Consider adding an error boundary to your tree to customize error handling behavior.
Visit https://reactjs.org/link/error-boundaries to learn more about error boundaries. @ http://localhost:5173/node_modules/.vite/deps/chunk-BCXODTBQ.js?v=1d06c898:14029
[  482033ms] Error: Objects are not valid as a React child (found: object with keys {label, target}). If you meant to render a collection of children, use an array instead.
    at throwOnInvalidObjectType (http://localhost:5173/node_modules/.vite/deps/chunk-BCXODTBQ.js?v=1d06c898:9932:17)
    at reconcileChildFibers2 (http://localhost:5173/node_modules/.vite/deps/chunk-BCXODTBQ.js?v=1d06c898:10562:15)
    at reconcileChildren (http://localhost:5173/node_modules/.vite/deps/chunk-BCXODTBQ.js?v=1d06c898:14288:37)
    at updateHostComponent (http://localhost:5173/node_modules/.vite/deps/chunk-BCXODTBQ.js?v=1d06c898:14805:11)
    at beginWork (http://localhost:5173/node_modules/.vite/deps/chunk-BCXODTBQ.js?v=1d06c898:15933:22)
    at beginWork$1 (http://localhost:5173/node_modules/.vite/deps/chunk-BCXODTBQ.js?v=1d06c898:19751:22)
    at performUnitOfWork (http://localhost:5173/node_modules/.vite/deps/chunk-BCXODTBQ.js?v=1d06c898:19196:20)
    at workLoopSync (http://localhost:5173/node_modules/.vite/deps/chunk-BCXODTBQ.js?v=1d06c898:19135:13)
    at renderRootSync (http://localhost:5173/node_modules/.vite/deps/chunk-BCXODTBQ.js?v=1d06c898:19114:15)
    at recoverFromConcurrentError (http://localhost:5173/node_modules/.vite/deps/chunk-BCXODTBQ.js?v=1d06c898:18734:28)
[  494802ms] [ERROR] Warning: Encountered two children with the same key, `%s`. Keys should be unique so that components maintain their identity across updates. Non-unique keys may cause children to be duplicated and/or omitted — the behavior is unsupported and could change in a future version.%s [object Object] 
    at nav
    at div
    at header
    at MotionComponent (http://localhost:5173/node_modules/.vite/deps/framer-motion.js?v=1d06c898:943:40)
    at Navbar (http://localhost:5173/src/sections/Navbar.jsx?t=1782449508584:59:27)
    at div
    at VideoModalProvider (http://localhost:5173/src/components/VideoModal.jsx:29:38)
    at MotionConfig (http://localhost:5173/node_modules/.vite/deps/framer-motion.js?v=1d06c898:677:25)
    at App @ http://localhost:5173/node_modules/.vite/deps/chunk-BCXODTBQ.js?v=1d06c898:518
[  494803ms] [ERROR] Warning: Encountered two children with the same key, `%s`. Keys should be unique so that components maintain their identity across updates. Non-unique keys may cause children to be duplicated and/or omitted — the behavior is unsupported and could change in a future version.%s [object Object] 
    at nav
    at div
    at header
    at MotionComponent (http://localhost:5173/node_modules/.vite/deps/framer-motion.js?v=1d06c898:943:40)
    at Navbar (http://localhost:5173/src/sections/Navbar.jsx?t=1782449508584:59:27)
    at div
    at VideoModalProvider (http://localhost:5173/src/components/VideoModal.jsx:29:38)
    at MotionConfig (http://localhost:5173/node_modules/.vite/deps/framer-motion.js?v=1d06c898:677:25)
    at App @ http://localhost:5173/node_modules/.vite/deps/chunk-BCXODTBQ.js?v=1d06c898:518
[  494803ms] [ERROR] Warning: Encountered two children with the same key, `%s`. Keys should be unique so that components maintain their identity across updates. Non-unique keys may cause children to be duplicated and/or omitted — the behavior is unsupported and could change in a future version.%s [object Object] 
    at nav
    at div
    at header
    at MotionComponent (http://localhost:5173/node_modules/.vite/deps/framer-motion.js?v=1d06c898:943:40)
    at Navbar (http://localhost:5173/src/sections/Navbar.jsx?t=1782449508584:59:27)
    at div
    at VideoModalProvider (http://localhost:5173/src/components/VideoModal.jsx:29:38)
    at MotionConfig (http://localhost:5173/node_modules/.vite/deps/framer-motion.js?v=1d06c898:677:25)
    at App @ http://localhost:5173/node_modules/.vite/deps/chunk-BCXODTBQ.js?v=1d06c898:518
[  494803ms] [ERROR] Warning: Encountered two children with the same key, `%s`. Keys should be unique so that components maintain their identity across updates. Non-unique keys may cause children to be duplicated and/or omitted — the behavior is unsupported and could change in a future version.%s [object Object] 
    at nav
    at div
    at header
    at MotionComponent (http://localhost:5173/node_modules/.vite/deps/framer-motion.js?v=1d06c898:943:40)
    at Navbar (http://localhost:5173/src/sections/Navbar.jsx?t=1782449508584:59:27)
    at div
    at VideoModalProvider (http://localhost:5173/src/components/VideoModal.jsx:29:38)
    at MotionConfig (http://localhost:5173/node_modules/.vite/deps/framer-motion.js?v=1d06c898:677:25)
    at App @ http://localhost:5173/node_modules/.vite/deps/chunk-BCXODTBQ.js?v=1d06c898:518
[  494806ms] Error: Objects are not valid as a React child (found: object with keys {label, target}). If you meant to render a collection of children, use an array instead.
    at throwOnInvalidObjectType (http://localhost:5173/node_modules/.vite/deps/chunk-BCXODTBQ.js?v=1d06c898:9932:17)
    at reconcileChildFibers2 (http://localhost:5173/node_modules/.vite/deps/chunk-BCXODTBQ.js?v=1d06c898:10562:15)
    at reconcileChildren (http://localhost:5173/node_modules/.vite/deps/chunk-BCXODTBQ.js?v=1d06c898:14288:37)
    at updateHostComponent (http://localhost:5173/node_modules/.vite/deps/chunk-BCXODTBQ.js?v=1d06c898:14805:11)
    at beginWork (http://localhost:5173/node_modules/.vite/deps/chunk-BCXODTBQ.js?v=1d06c898:15933:22)
    at HTMLUnknownElement.callCallback2 (http://localhost:5173/node_modules/.vite/deps/chunk-BCXODTBQ.js?v=1d06c898:3672:22)
    at Object.invokeGuardedCallbackDev (http://localhost:5173/node_modules/.vite/deps/chunk-BCXODTBQ.js?v=1d06c898:3697:24)
    at invokeGuardedCallback (http://localhost:5173/node_modules/.vite/deps/chunk-BCXODTBQ.js?v=1d06c898:3731:39)
    at beginWork$1 (http://localhost:5173/node_modules/.vite/deps/chunk-BCXODTBQ.js?v=1d06c898:19763:15)
    at performUnitOfWork (http://localhost:5173/node_modules/.vite/deps/chunk-BCXODTBQ.js?v=1d06c898:19196:20)
[  494806ms] Error: Objects are not valid as a React child (found: object with keys {label, target}). If you meant to render a collection of children, use an array instead.
    at throwOnInvalidObjectType (http://localhost:5173/node_modules/.vite/deps/chunk-BCXODTBQ.js?v=1d06c898:9932:17)
    at reconcileChildFibers2 (http://localhost:5173/node_modules/.vite/deps/chunk-BCXODTBQ.js?v=1d06c898:10562:15)
    at reconcileChildren (http://localhost:5173/node_modules/.vite/deps/chunk-BCXODTBQ.js?v=1d06c898:14288:37)
    at updateHostComponent (http://localhost:5173/node_modules/.vite/deps/chunk-BCXODTBQ.js?v=1d06c898:14805:11)
    at beginWork (http://localhost:5173/node_modules/.vite/deps/chunk-BCXODTBQ.js?v=1d06c898:15933:22)
    at HTMLUnknownElement.callCallback2 (http://localhost:5173/node_modules/.vite/deps/chunk-BCXODTBQ.js?v=1d06c898:3672:22)
    at Object.invokeGuardedCallbackDev (http://localhost:5173/node_modules/.vite/deps/chunk-BCXODTBQ.js?v=1d06c898:3697:24)
    at invokeGuardedCallback (http://localhost:5173/node_modules/.vite/deps/chunk-BCXODTBQ.js?v=1d06c898:3731:39)
    at beginWork$1 (http://localhost:5173/node_modules/.vite/deps/chunk-BCXODTBQ.js?v=1d06c898:19763:15)
    at performUnitOfWork (http://localhost:5173/node_modules/.vite/deps/chunk-BCXODTBQ.js?v=1d06c898:19196:20)
[  494806ms] Error: Objects are not valid as a React child (found: object with keys {label, target}). If you meant to render a collection of children, use an array instead.
    at throwOnInvalidObjectType (http://localhost:5173/node_modules/.vite/deps/chunk-BCXODTBQ.js?v=1d06c898:9932:17)
    at reconcileChildFibers2 (http://localhost:5173/node_modules/.vite/deps/chunk-BCXODTBQ.js?v=1d06c898:10562:15)
    at reconcileChildren (http://localhost:5173/node_modules/.vite/deps/chunk-BCXODTBQ.js?v=1d06c898:14288:37)
    at updateHostComponent (http://localhost:5173/node_modules/.vite/deps/chunk-BCXODTBQ.js?v=1d06c898:14805:11)
    at beginWork (http://localhost:5173/node_modules/.vite/deps/chunk-BCXODTBQ.js?v=1d06c898:15933:22)
    at HTMLUnknownElement.callCallback2 (http://localhost:5173/node_modules/.vite/deps/chunk-BCXODTBQ.js?v=1d06c898:3672:22)
    at Object.invokeGuardedCallbackDev (http://localhost:5173/node_modules/.vite/deps/chunk-BCXODTBQ.js?v=1d06c898:3697:24)
    at invokeGuardedCallback (http://localhost:5173/node_modules/.vite/deps/chunk-BCXODTBQ.js?v=1d06c898:3731:39)
    at beginWork$1 (http://localhost:5173/node_modules/.vite/deps/chunk-BCXODTBQ.js?v=1d06c898:19763:15)
    at performUnitOfWork (http://localhost:5173/node_modules/.vite/deps/chunk-BCXODTBQ.js?v=1d06c898:19196:20)
[  494806ms] Error: Objects are not valid as a React child (found: object with keys {label, target}). If you meant to render a collection of children, use an array instead.
    at throwOnInvalidObjectType (http://localhost:5173/node_modules/.vite/deps/chunk-BCXODTBQ.js?v=1d06c898:9932:17)
    at reconcileChildFibers2 (http://localhost:5173/node_modules/.vite/deps/chunk-BCXODTBQ.js?v=1d06c898:10562:15)
    at reconcileChildren (http://localhost:5173/node_modules/.vite/deps/chunk-BCXODTBQ.js?v=1d06c898:14288:37)
    at updateHostComponent (http://localhost:5173/node_modules/.vite/deps/chunk-BCXODTBQ.js?v=1d06c898:14805:11)
    at beginWork (http://localhost:5173/node_modules/.vite/deps/chunk-BCXODTBQ.js?v=1d06c898:15933:22)
    at HTMLUnknownElement.callCallback2 (http://localhost:5173/node_modules/.vite/deps/chunk-BCXODTBQ.js?v=1d06c898:3672:22)
    at Object.invokeGuardedCallbackDev (http://localhost:5173/node_modules/.vite/deps/chunk-BCXODTBQ.js?v=1d06c898:3697:24)
    at invokeGuardedCallback (http://localhost:5173/node_modules/.vite/deps/chunk-BCXODTBQ.js?v=1d06c898:3731:39)
    at beginWork$1 (http://localhost:5173/node_modules/.vite/deps/chunk-BCXODTBQ.js?v=1d06c898:19763:15)
    at performUnitOfWork (http://localhost:5173/node_modules/.vite/deps/chunk-BCXODTBQ.js?v=1d06c898:19196:20)
[  494806ms] Error: Objects are not valid as a React child (found: object with keys {label, target}). If you meant to render a collection of children, use an array instead.
    at throwOnInvalidObjectType (http://localhost:5173/node_modules/.vite/deps/chunk-BCXODTBQ.js?v=1d06c898:9932:17)
    at reconcileChildFibers2 (http://localhost:5173/node_modules/.vite/deps/chunk-BCXODTBQ.js?v=1d06c898:10562:15)
    at reconcileChildren (http://localhost:5173/node_modules/.vite/deps/chunk-BCXODTBQ.js?v=1d06c898:14288:37)
    at updateHostComponent (http://localhost:5173/node_modules/.vite/deps/chunk-BCXODTBQ.js?v=1d06c898:14805:11)
    at beginWork (http://localhost:5173/node_modules/.vite/deps/chunk-BCXODTBQ.js?v=1d06c898:15933:22)
    at HTMLUnknownElement.callCallback2 (http://localhost:5173/node_modules/.vite/deps/chunk-BCXODTBQ.js?v=1d06c898:3672:22)
    at Object.invokeGuardedCallbackDev (http://localhost:5173/node_modules/.vite/deps/chunk-BCXODTBQ.js?v=1d06c898:3697:24)
    at invokeGuardedCallback (http://localhost:5173/node_modules/.vite/deps/chunk-BCXODTBQ.js?v=1d06c898:3731:39)
    at beginWork$1 (http://localhost:5173/node_modules/.vite/deps/chunk-BCXODTBQ.js?v=1d06c898:19763:15)
    at performUnitOfWork (http://localhost:5173/node_modules/.vite/deps/chunk-BCXODTBQ.js?v=1d06c898:19196:20)
[  494844ms] [ERROR] Warning: Encountered two children with the same key, `%s`. Keys should be unique so that components maintain their identity across updates. Non-unique keys may cause children to be duplicated and/or omitted — the behavior is unsupported and could change in a future version.%s [object Object] 
    at nav
    at div
    at header
    at MotionComponent (http://localhost:5173/node_modules/.vite/deps/framer-motion.js?v=1d06c898:943:40)
    at Navbar (http://localhost:5173/src/sections/Navbar.jsx?t=1782449508584:59:27)
    at div
    at VideoModalProvider (http://localhost:5173/src/components/VideoModal.jsx:29:38)
    at MotionConfig (http://localhost:5173/node_modules/.vite/deps/framer-motion.js?v=1d06c898:677:25)
    at App @ http://localhost:5173/node_modules/.vite/deps/chunk-BCXODTBQ.js?v=1d06c898:518
[  494845ms] [ERROR] Warning: Encountered two children with the same key, `%s`. Keys should be unique so that components maintain their identity across updates. Non-unique keys may cause children to be duplicated and/or omitted — the behavior is unsupported and could change in a future version.%s [object Object] 
    at nav
    at div
    at header
    at MotionComponent (http://localhost:5173/node_modules/.vite/deps/framer-motion.js?v=1d06c898:943:40)
    at Navbar (http://localhost:5173/src/sections/Navbar.jsx?t=1782449508584:59:27)
    at div
    at VideoModalProvider (http://localhost:5173/src/components/VideoModal.jsx:29:38)
    at MotionConfig (http://localhost:5173/node_modules/.vite/deps/framer-motion.js?v=1d06c898:677:25)
    at App @ http://localhost:5173/node_modules/.vite/deps/chunk-BCXODTBQ.js?v=1d06c898:518
[  494845ms] [ERROR] Warning: Encountered two children with the same key, `%s`. Keys should be unique so that components maintain their identity across updates. Non-unique keys may cause children to be duplicated and/or omitted — the behavior is unsupported and could change in a future version.%s [object Object] 
    at nav
    at div
    at header
    at MotionComponent (http://localhost:5173/node_modules/.vite/deps/framer-motion.js?v=1d06c898:943:40)
    at Navbar (http://localhost:5173/src/sections/Navbar.jsx?t=1782449508584:59:27)
    at div
    at VideoModalProvider (http://localhost:5173/src/components/VideoModal.jsx:29:38)
    at MotionConfig (http://localhost:5173/node_modules/.vite/deps/framer-motion.js?v=1d06c898:677:25)
    at App @ http://localhost:5173/node_modules/.vite/deps/chunk-BCXODTBQ.js?v=1d06c898:518
[  494845ms] [ERROR] Warning: Encountered two children with the same key, `%s`. Keys should be unique so that components maintain their identity across updates. Non-unique keys may cause children to be duplicated and/or omitted — the behavior is unsupported and could change in a future version.%s [object Object] 
    at nav
    at div
    at header
    at MotionComponent (http://localhost:5173/node_modules/.vite/deps/framer-motion.js?v=1d06c898:943:40)
    at Navbar (http://localhost:5173/src/sections/Navbar.jsx?t=1782449508584:59:27)
    at div
    at VideoModalProvider (http://localhost:5173/src/components/VideoModal.jsx:29:38)
    at MotionConfig (http://localhost:5173/node_modules/.vite/deps/framer-motion.js?v=1d06c898:677:25)
    at App @ http://localhost:5173/node_modules/.vite/deps/chunk-BCXODTBQ.js?v=1d06c898:518
[  494848ms] Error: Objects are not valid as a React child (found: object with keys {label, target}). If you meant to render a collection of children, use an array instead.
    at throwOnInvalidObjectType (http://localhost:5173/node_modules/.vite/deps/chunk-BCXODTBQ.js?v=1d06c898:9932:17)
    at reconcileChildFibers2 (http://localhost:5173/node_modules/.vite/deps/chunk-BCXODTBQ.js?v=1d06c898:10562:15)
    at reconcileChildren (http://localhost:5173/node_modules/.vite/deps/chunk-BCXODTBQ.js?v=1d06c898:14288:37)
    at updateHostComponent (http://localhost:5173/node_modules/.vite/deps/chunk-BCXODTBQ.js?v=1d06c898:14805:11)
    at beginWork (http://localhost:5173/node_modules/.vite/deps/chunk-BCXODTBQ.js?v=1d06c898:15933:22)
    at HTMLUnknownElement.callCallback2 (http://localhost:5173/node_modules/.vite/deps/chunk-BCXODTBQ.js?v=1d06c898:3672:22)
    at Object.invokeGuardedCallbackDev (http://localhost:5173/node_modules/.vite/deps/chunk-BCXODTBQ.js?v=1d06c898:3697:24)
    at invokeGuardedCallback (http://localhost:5173/node_modules/.vite/deps/chunk-BCXODTBQ.js?v=1d06c898:3731:39)
    at beginWork$1 (http://localhost:5173/node_modules/.vite/deps/chunk-BCXODTBQ.js?v=1d06c898:19763:15)
    at performUnitOfWork (http://localhost:5173/node_modules/.vite/deps/chunk-BCXODTBQ.js?v=1d06c898:19196:20)
[  494848ms] Error: Objects are not valid as a React child (found: object with keys {label, target}). If you meant to render a collection of children, use an array instead.
    at throwOnInvalidObjectType (http://localhost:5173/node_modules/.vite/deps/chunk-BCXODTBQ.js?v=1d06c898:9932:17)
    at reconcileChildFibers2 (http://localhost:5173/node_modules/.vite/deps/chunk-BCXODTBQ.js?v=1d06c898:10562:15)
    at reconcileChildren (http://localhost:5173/node_modules/.vite/deps/chunk-BCXODTBQ.js?v=1d06c898:14288:37)
    at updateHostComponent (http://localhost:5173/node_modules/.vite/deps/chunk-BCXODTBQ.js?v=1d06c898:14805:11)
    at beginWork (http://localhost:5173/node_modules/.vite/deps/chunk-BCXODTBQ.js?v=1d06c898:15933:22)
    at HTMLUnknownElement.callCallback2 (http://localhost:5173/node_modules/.vite/deps/chunk-BCXODTBQ.js?v=1d06c898:3672:22)
    at Object.invokeGuardedCallbackDev (http://localhost:5173/node_modules/.vite/deps/chunk-BCXODTBQ.js?v=1d06c898:3697:24)
    at invokeGuardedCallback (http://localhost:5173/node_modules/.vite/deps/chunk-BCXODTBQ.js?v=1d06c898:3731:39)
    at beginWork$1 (http://localhost:5173/node_modules/.vite/deps/chunk-BCXODTBQ.js?v=1d06c898:19763:15)
    at performUnitOfWork (http://localhost:5173/node_modules/.vite/deps/chunk-BCXODTBQ.js?v=1d06c898:19196:20)
[  494849ms] Error: Objects are not valid as a React child (found: object with keys {label, target}). If you meant to render a collection of children, use an array instead.
    at throwOnInvalidObjectType (http://localhost:5173/node_modules/.vite/deps/chunk-BCXODTBQ.js?v=1d06c898:9932:17)
    at reconcileChildFibers2 (http://localhost:5173/node_modules/.vite/deps/chunk-BCXODTBQ.js?v=1d06c898:10562:15)
    at reconcileChildren (http://localhost:5173/node_modules/.vite/deps/chunk-BCXODTBQ.js?v=1d06c898:14288:37)
    at updateHostComponent (http://localhost:5173/node_modules/.vite/deps/chunk-BCXODTBQ.js?v=1d06c898:14805:11)
    at beginWork (http://localhost:5173/node_modules/.vite/deps/chunk-BCXODTBQ.js?v=1d06c898:15933:22)
    at HTMLUnknownElement.callCallback2 (http://localhost:5173/node_modules/.vite/deps/chunk-BCXODTBQ.js?v=1d06c898:3672:22)
    at Object.invokeGuardedCallbackDev (http://localhost:5173/node_modules/.vite/deps/chunk-BCXODTBQ.js?v=1d06c898:3697:24)
    at invokeGuardedCallback (http://localhost:5173/node_modules/.vite/deps/chunk-BCXODTBQ.js?v=1d06c898:3731:39)
    at beginWork$1 (http://localhost:5173/node_modules/.vite/deps/chunk-BCXODTBQ.js?v=1d06c898:19763:15)
    at performUnitOfWork (http://localhost:5173/node_modules/.vite/deps/chunk-BCXODTBQ.js?v=1d06c898:19196:20)
[  494849ms] Error: Objects are not valid as a React child (found: object with keys {label, target}). If you meant to render a collection of children, use an array instead.
    at throwOnInvalidObjectType (http://localhost:5173/node_modules/.vite/deps/chunk-BCXODTBQ.js?v=1d06c898:9932:17)
    at reconcileChildFibers2 (http://localhost:5173/node_modules/.vite/deps/chunk-BCXODTBQ.js?v=1d06c898:10562:15)
    at reconcileChildren (http://localhost:5173/node_modules/.vite/deps/chunk-BCXODTBQ.js?v=1d06c898:14288:37)
    at updateHostComponent (http://localhost:5173/node_modules/.vite/deps/chunk-BCXODTBQ.js?v=1d06c898:14805:11)
    at beginWork (http://localhost:5173/node_modules/.vite/deps/chunk-BCXODTBQ.js?v=1d06c898:15933:22)
    at HTMLUnknownElement.callCallback2 (http://localhost:5173/node_modules/.vite/deps/chunk-BCXODTBQ.js?v=1d06c898:3672:22)
    at Object.invokeGuardedCallbackDev (http://localhost:5173/node_modules/.vite/deps/chunk-BCXODTBQ.js?v=1d06c898:3697:24)
    at invokeGuardedCallback (http://localhost:5173/node_modules/.vite/deps/chunk-BCXODTBQ.js?v=1d06c898:3731:39)
    at beginWork$1 (http://localhost:5173/node_modules/.vite/deps/chunk-BCXODTBQ.js?v=1d06c898:19763:15)
    at performUnitOfWork (http://localhost:5173/node_modules/.vite/deps/chunk-BCXODTBQ.js?v=1d06c898:19196:20)
[  494849ms] Error: Objects are not valid as a React child (found: object with keys {label, target}). If you meant to render a collection of children, use an array instead.
    at throwOnInvalidObjectType (http://localhost:5173/node_modules/.vite/deps/chunk-BCXODTBQ.js?v=1d06c898:9932:17)
    at reconcileChildFibers2 (http://localhost:5173/node_modules/.vite/deps/chunk-BCXODTBQ.js?v=1d06c898:10562:15)
    at reconcileChildren (http://localhost:5173/node_modules/.vite/deps/chunk-BCXODTBQ.js?v=1d06c898:14288:37)
    at updateHostComponent (http://localhost:5173/node_modules/.vite/deps/chunk-BCXODTBQ.js?v=1d06c898:14805:11)
    at beginWork (http://localhost:5173/node_modules/.vite/deps/chunk-BCXODTBQ.js?v=1d06c898:15933:22)
    at HTMLUnknownElement.callCallback2 (http://localhost:5173/node_modules/.vite/deps/chunk-BCXODTBQ.js?v=1d06c898:3672:22)
    at Object.invokeGuardedCallbackDev (http://localhost:5173/node_modules/.vite/deps/chunk-BCXODTBQ.js?v=1d06c898:3697:24)
    at invokeGuardedCallback (http://localhost:5173/node_modules/.vite/deps/chunk-BCXODTBQ.js?v=1d06c898:3731:39)
    at beginWork$1 (http://localhost:5173/node_modules/.vite/deps/chunk-BCXODTBQ.js?v=1d06c898:19763:15)
    at performUnitOfWork (http://localhost:5173/node_modules/.vite/deps/chunk-BCXODTBQ.js?v=1d06c898:19196:20)
[  494883ms] [ERROR] The above error occurred in the <a> component:

    at a
    at nav
    at div
    at header
    at MotionComponent (http://localhost:5173/node_modules/.vite/deps/framer-motion.js?v=1d06c898:943:40)
    at Navbar (http://localhost:5173/src/sections/Navbar.jsx?t=1782449508584:59:27)
    at div
    at VideoModalProvider (http://localhost:5173/src/components/VideoModal.jsx:29:38)
    at MotionConfig (http://localhost:5173/node_modules/.vite/deps/framer-motion.js?v=1d06c898:677:25)
    at App

Consider adding an error boundary to your tree to customize error handling behavior.
Visit https://reactjs.org/link/error-boundaries to learn more about error boundaries. @ http://localhost:5173/node_modules/.vite/deps/chunk-BCXODTBQ.js?v=1d06c898:14029
[  494883ms] [ERROR] The above error occurred in the <a> component:

    at a
    at nav
    at div
    at header
    at MotionComponent (http://localhost:5173/node_modules/.vite/deps/framer-motion.js?v=1d06c898:943:40)
    at Navbar (http://localhost:5173/src/sections/Navbar.jsx?t=1782449508584:59:27)
    at div
    at VideoModalProvider (http://localhost:5173/src/components/VideoModal.jsx:29:38)
    at MotionConfig (http://localhost:5173/node_modules/.vite/deps/framer-motion.js?v=1d06c898:677:25)
    at App

Consider adding an error boundary to your tree to customize error handling behavior.
Visit https://reactjs.org/link/error-boundaries to learn more about error boundaries. @ http://localhost:5173/node_modules/.vite/deps/chunk-BCXODTBQ.js?v=1d06c898:14029
[  494883ms] [ERROR] The above error occurred in the <a> component:

    at a
    at nav
    at div
    at header
    at MotionComponent (http://localhost:5173/node_modules/.vite/deps/framer-motion.js?v=1d06c898:943:40)
    at Navbar (http://localhost:5173/src/sections/Navbar.jsx?t=1782449508584:59:27)
    at div
    at VideoModalProvider (http://localhost:5173/src/components/VideoModal.jsx:29:38)
    at MotionConfig (http://localhost:5173/node_modules/.vite/deps/framer-motion.js?v=1d06c898:677:25)
    at App

Consider adding an error boundary to your tree to customize error handling behavior.
Visit https://reactjs.org/link/error-boundaries to learn more about error boundaries. @ http://localhost:5173/node_modules/.vite/deps/chunk-BCXODTBQ.js?v=1d06c898:14029
[  494883ms] [ERROR] The above error occurred in the <a> component:

    at a
    at nav
    at div
    at header
    at MotionComponent (http://localhost:5173/node_modules/.vite/deps/framer-motion.js?v=1d06c898:943:40)
    at Navbar (http://localhost:5173/src/sections/Navbar.jsx?t=1782449508584:59:27)
    at div
    at VideoModalProvider (http://localhost:5173/src/components/VideoModal.jsx:29:38)
    at MotionConfig (http://localhost:5173/node_modules/.vite/deps/framer-motion.js?v=1d06c898:677:25)
    at App

Consider adding an error boundary to your tree to customize error handling behavior.
Visit https://reactjs.org/link/error-boundaries to learn more about error boundaries. @ http://localhost:5173/node_modules/.vite/deps/chunk-BCXODTBQ.js?v=1d06c898:14029
[  494883ms] [ERROR] The above error occurred in the <a> component:

    at a
    at nav
    at div
    at header
    at MotionComponent (http://localhost:5173/node_modules/.vite/deps/framer-motion.js?v=1d06c898:943:40)
    at Navbar (http://localhost:5173/src/sections/Navbar.jsx?t=1782449508584:59:27)
    at div
    at VideoModalProvider (http://localhost:5173/src/components/VideoModal.jsx:29:38)
    at MotionConfig (http://localhost:5173/node_modules/.vite/deps/framer-motion.js?v=1d06c898:677:25)
    at App

Consider adding an error boundary to your tree to customize error handling behavior.
Visit https://reactjs.org/link/error-boundaries to learn more about error boundaries. @ http://localhost:5173/node_modules/.vite/deps/chunk-BCXODTBQ.js?v=1d06c898:14029
[  494885ms] Error: Objects are not valid as a React child (found: object with keys {label, target}). If you meant to render a collection of children, use an array instead.
    at throwOnInvalidObjectType (http://localhost:5173/node_modules/.vite/deps/chunk-BCXODTBQ.js?v=1d06c898:9932:17)
    at reconcileChildFibers2 (http://localhost:5173/node_modules/.vite/deps/chunk-BCXODTBQ.js?v=1d06c898:10562:15)
    at reconcileChildren (http://localhost:5173/node_modules/.vite/deps/chunk-BCXODTBQ.js?v=1d06c898:14288:37)
    at updateHostComponent (http://localhost:5173/node_modules/.vite/deps/chunk-BCXODTBQ.js?v=1d06c898:14805:11)
    at beginWork (http://localhost:5173/node_modules/.vite/deps/chunk-BCXODTBQ.js?v=1d06c898:15933:22)
    at beginWork$1 (http://localhost:5173/node_modules/.vite/deps/chunk-BCXODTBQ.js?v=1d06c898:19751:22)
    at performUnitOfWork (http://localhost:5173/node_modules/.vite/deps/chunk-BCXODTBQ.js?v=1d06c898:19196:20)
    at workLoopSync (http://localhost:5173/node_modules/.vite/deps/chunk-BCXODTBQ.js?v=1d06c898:19135:13)
    at renderRootSync (http://localhost:5173/node_modules/.vite/deps/chunk-BCXODTBQ.js?v=1d06c898:19114:15)
    at recoverFromConcurrentError (http://localhost:5173/node_modules/.vite/deps/chunk-BCXODTBQ.js?v=1d06c898:18734:28)
[  501984ms] [ERROR] Warning: Encountered two children with the same key, `%s`. Keys should be unique so that components maintain their identity across updates. Non-unique keys may cause children to be duplicated and/or omitted — the behavior is unsupported and could change in a future version.%s [object Object] 
    at nav
    at div
    at header
    at MotionComponent (http://localhost:5173/node_modules/.vite/deps/framer-motion.js?v=1d06c898:943:40)
    at Navbar (http://localhost:5173/src/sections/Navbar.jsx?t=1782449508584:59:27)
    at div
    at VideoModalProvider (http://localhost:5173/src/components/VideoModal.jsx:29:38)
    at MotionConfig (http://localhost:5173/node_modules/.vite/deps/framer-motion.js?v=1d06c898:677:25)
    at App @ http://localhost:5173/node_modules/.vite/deps/chunk-BCXODTBQ.js?v=1d06c898:518
[  501984ms] [ERROR] Warning: Encountered two children with the same key, `%s`. Keys should be unique so that components maintain their identity across updates. Non-unique keys may cause children to be duplicated and/or omitted — the behavior is unsupported and could change in a future version.%s [object Object] 
    at nav
    at div
    at header
    at MotionComponent (http://localhost:5173/node_modules/.vite/deps/framer-motion.js?v=1d06c898:943:40)
    at Navbar (http://localhost:5173/src/sections/Navbar.jsx?t=1782449508584:59:27)
    at div
    at VideoModalProvider (http://localhost:5173/src/components/VideoModal.jsx:29:38)
    at MotionConfig (http://localhost:5173/node_modules/.vite/deps/framer-motion.js?v=1d06c898:677:25)
    at App @ http://localhost:5173/node_modules/.vite/deps/chunk-BCXODTBQ.js?v=1d06c898:518
[  501984ms] [ERROR] Warning: Encountered two children with the same key, `%s`. Keys should be unique so that components maintain their identity across updates. Non-unique keys may cause children to be duplicated and/or omitted — the behavior is unsupported and could change in a future version.%s [object Object] 
    at nav
    at div
    at header
    at MotionComponent (http://localhost:5173/node_modules/.vite/deps/framer-motion.js?v=1d06c898:943:40)
    at Navbar (http://localhost:5173/src/sections/Navbar.jsx?t=1782449508584:59:27)
    at div
    at VideoModalProvider (http://localhost:5173/src/components/VideoModal.jsx:29:38)
    at MotionConfig (http://localhost:5173/node_modules/.vite/deps/framer-motion.js?v=1d06c898:677:25)
    at App @ http://localhost:5173/node_modules/.vite/deps/chunk-BCXODTBQ.js?v=1d06c898:518
[  501984ms] [ERROR] Warning: Encountered two children with the same key, `%s`. Keys should be unique so that components maintain their identity across updates. Non-unique keys may cause children to be duplicated and/or omitted — the behavior is unsupported and could change in a future version.%s [object Object] 
    at nav
    at div
    at header
    at MotionComponent (http://localhost:5173/node_modules/.vite/deps/framer-motion.js?v=1d06c898:943:40)
    at Navbar (http://localhost:5173/src/sections/Navbar.jsx?t=1782449508584:59:27)
    at div
    at VideoModalProvider (http://localhost:5173/src/components/VideoModal.jsx:29:38)
    at MotionConfig (http://localhost:5173/node_modules/.vite/deps/framer-motion.js?v=1d06c898:677:25)
    at App @ http://localhost:5173/node_modules/.vite/deps/chunk-BCXODTBQ.js?v=1d06c898:518
[  501988ms] Error: Objects are not valid as a React child (found: object with keys {label, target}). If you meant to render a collection of children, use an array instead.
    at throwOnInvalidObjectType (http://localhost:5173/node_modules/.vite/deps/chunk-BCXODTBQ.js?v=1d06c898:9932:17)
    at reconcileChildFibers2 (http://localhost:5173/node_modules/.vite/deps/chunk-BCXODTBQ.js?v=1d06c898:10562:15)
    at reconcileChildren (http://localhost:5173/node_modules/.vite/deps/chunk-BCXODTBQ.js?v=1d06c898:14288:37)
    at updateHostComponent (http://localhost:5173/node_modules/.vite/deps/chunk-BCXODTBQ.js?v=1d06c898:14805:11)
    at beginWork (http://localhost:5173/node_modules/.vite/deps/chunk-BCXODTBQ.js?v=1d06c898:15933:22)
    at HTMLUnknownElement.callCallback2 (http://localhost:5173/node_modules/.vite/deps/chunk-BCXODTBQ.js?v=1d06c898:3672:22)
    at Object.invokeGuardedCallbackDev (http://localhost:5173/node_modules/.vite/deps/chunk-BCXODTBQ.js?v=1d06c898:3697:24)
    at invokeGuardedCallback (http://localhost:5173/node_modules/.vite/deps/chunk-BCXODTBQ.js?v=1d06c898:3731:39)
    at beginWork$1 (http://localhost:5173/node_modules/.vite/deps/chunk-BCXODTBQ.js?v=1d06c898:19763:15)
    at performUnitOfWork (http://localhost:5173/node_modules/.vite/deps/chunk-BCXODTBQ.js?v=1d06c898:19196:20)
[  501988ms] Error: Objects are not valid as a React child (found: object with keys {label, target}). If you meant to render a collection of children, use an array instead.
    at throwOnInvalidObjectType (http://localhost:5173/node_modules/.vite/deps/chunk-BCXODTBQ.js?v=1d06c898:9932:17)
    at reconcileChildFibers2 (http://localhost:5173/node_modules/.vite/deps/chunk-BCXODTBQ.js?v=1d06c898:10562:15)
    at reconcileChildren (http://localhost:5173/node_modules/.vite/deps/chunk-BCXODTBQ.js?v=1d06c898:14288:37)
    at updateHostComponent (http://localhost:5173/node_modules/.vite/deps/chunk-BCXODTBQ.js?v=1d06c898:14805:11)
    at beginWork (http://localhost:5173/node_modules/.vite/deps/chunk-BCXODTBQ.js?v=1d06c898:15933:22)
    at HTMLUnknownElement.callCallback2 (http://localhost:5173/node_modules/.vite/deps/chunk-BCXODTBQ.js?v=1d06c898:3672:22)
    at Object.invokeGuardedCallbackDev (http://localhost:5173/node_modules/.vite/deps/chunk-BCXODTBQ.js?v=1d06c898:3697:24)
    at invokeGuardedCallback (http://localhost:5173/node_modules/.vite/deps/chunk-BCXODTBQ.js?v=1d06c898:3731:39)
    at beginWork$1 (http://localhost:5173/node_modules/.vite/deps/chunk-BCXODTBQ.js?v=1d06c898:19763:15)
    at performUnitOfWork (http://localhost:5173/node_modules/.vite/deps/chunk-BCXODTBQ.js?v=1d06c898:19196:20)
[  501989ms] Error: Objects are not valid as a React child (found: object with keys {label, target}). If you meant to render a collection of children, use an array instead.
    at throwOnInvalidObjectType (http://localhost:5173/node_modules/.vite/deps/chunk-BCXODTBQ.js?v=1d06c898:9932:17)
    at reconcileChildFibers2 (http://localhost:5173/node_modules/.vite/deps/chunk-BCXODTBQ.js?v=1d06c898:10562:15)
    at reconcileChildren (http://localhost:5173/node_modules/.vite/deps/chunk-BCXODTBQ.js?v=1d06c898:14288:37)
    at updateHostComponent (http://localhost:5173/node_modules/.vite/deps/chunk-BCXODTBQ.js?v=1d06c898:14805:11)
    at beginWork (http://localhost:5173/node_modules/.vite/deps/chunk-BCXODTBQ.js?v=1d06c898:15933:22)
    at HTMLUnknownElement.callCallback2 (http://localhost:5173/node_modules/.vite/deps/chunk-BCXODTBQ.js?v=1d06c898:3672:22)
    at Object.invokeGuardedCallbackDev (http://localhost:5173/node_modules/.vite/deps/chunk-BCXODTBQ.js?v=1d06c898:3697:24)
    at invokeGuardedCallback (http://localhost:5173/node_modules/.vite/deps/chunk-BCXODTBQ.js?v=1d06c898:3731:39)
    at beginWork$1 (http://localhost:5173/node_modules/.vite/deps/chunk-BCXODTBQ.js?v=1d06c898:19763:15)
    at performUnitOfWork (http://localhost:5173/node_modules/.vite/deps/chunk-BCXODTBQ.js?v=1d06c898:19196:20)
[  501989ms] Error: Objects are not valid as a React child (found: object with keys {label, target}). If you meant to render a collection of children, use an array instead.
    at throwOnInvalidObjectType (http://localhost:5173/node_modules/.vite/deps/chunk-BCXODTBQ.js?v=1d06c898:9932:17)
    at reconcileChildFibers2 (http://localhost:5173/node_modules/.vite/deps/chunk-BCXODTBQ.js?v=1d06c898:10562:15)
    at reconcileChildren (http://localhost:5173/node_modules/.vite/deps/chunk-BCXODTBQ.js?v=1d06c898:14288:37)
    at updateHostComponent (http://localhost:5173/node_modules/.vite/deps/chunk-BCXODTBQ.js?v=1d06c898:14805:11)
    at beginWork (http://localhost:5173/node_modules/.vite/deps/chunk-BCXODTBQ.js?v=1d06c898:15933:22)
    at HTMLUnknownElement.callCallback2 (http://localhost:5173/node_modules/.vite/deps/chunk-BCXODTBQ.js?v=1d06c898:3672:22)
    at Object.invokeGuardedCallbackDev (http://localhost:5173/node_modules/.vite/deps/chunk-BCXODTBQ.js?v=1d06c898:3697:24)
    at invokeGuardedCallback (http://localhost:5173/node_modules/.vite/deps/chunk-BCXODTBQ.js?v=1d06c898:3731:39)
    at beginWork$1 (http://localhost:5173/node_modules/.vite/deps/chunk-BCXODTBQ.js?v=1d06c898:19763:15)
    at performUnitOfWork (http://localhost:5173/node_modules/.vite/deps/chunk-BCXODTBQ.js?v=1d06c898:19196:20)
[  501989ms] Error: Objects are not valid as a React child (found: object with keys {label, target}). If you meant to render a collection of children, use an array instead.
    at throwOnInvalidObjectType (http://localhost:5173/node_modules/.vite/deps/chunk-BCXODTBQ.js?v=1d06c898:9932:17)
    at reconcileChildFibers2 (http://localhost:5173/node_modules/.vite/deps/chunk-BCXODTBQ.js?v=1d06c898:10562:15)
    at reconcileChildren (http://localhost:5173/node_modules/.vite/deps/chunk-BCXODTBQ.js?v=1d06c898:14288:37)
    at updateHostComponent (http://localhost:5173/node_modules/.vite/deps/chunk-BCXODTBQ.js?v=1d06c898:14805:11)
    at beginWork (http://localhost:5173/node_modules/.vite/deps/chunk-BCXODTBQ.js?v=1d06c898:15933:22)
    at HTMLUnknownElement.callCallback2 (http://localhost:5173/node_modules/.vite/deps/chunk-BCXODTBQ.js?v=1d06c898:3672:22)
    at Object.invokeGuardedCallbackDev (http://localhost:5173/node_modules/.vite/deps/chunk-BCXODTBQ.js?v=1d06c898:3697:24)
    at invokeGuardedCallback (http://localhost:5173/node_modules/.vite/deps/chunk-BCXODTBQ.js?v=1d06c898:3731:39)
    at beginWork$1 (http://localhost:5173/node_modules/.vite/deps/chunk-BCXODTBQ.js?v=1d06c898:19763:15)
    at performUnitOfWork (http://localhost:5173/node_modules/.vite/deps/chunk-BCXODTBQ.js?v=1d06c898:19196:20)
[  502014ms] [ERROR] Warning: Encountered two children with the same key, `%s`. Keys should be unique so that components maintain their identity across updates. Non-unique keys may cause children to be duplicated and/or omitted — the behavior is unsupported and could change in a future version.%s [object Object] 
    at nav
    at div
    at header
    at MotionComponent (http://localhost:5173/node_modules/.vite/deps/framer-motion.js?v=1d06c898:943:40)
    at Navbar (http://localhost:5173/src/sections/Navbar.jsx?t=1782449508584:59:27)
    at div
    at VideoModalProvider (http://localhost:5173/src/components/VideoModal.jsx:29:38)
    at MotionConfig (http://localhost:5173/node_modules/.vite/deps/framer-motion.js?v=1d06c898:677:25)
    at App @ http://localhost:5173/node_modules/.vite/deps/chunk-BCXODTBQ.js?v=1d06c898:518
[  502014ms] [ERROR] Warning: Encountered two children with the same key, `%s`. Keys should be unique so that components maintain their identity across updates. Non-unique keys may cause children to be duplicated and/or omitted — the behavior is unsupported and could change in a future version.%s [object Object] 
    at nav
    at div
    at header
    at MotionComponent (http://localhost:5173/node_modules/.vite/deps/framer-motion.js?v=1d06c898:943:40)
    at Navbar (http://localhost:5173/src/sections/Navbar.jsx?t=1782449508584:59:27)
    at div
    at VideoModalProvider (http://localhost:5173/src/components/VideoModal.jsx:29:38)
    at MotionConfig (http://localhost:5173/node_modules/.vite/deps/framer-motion.js?v=1d06c898:677:25)
    at App @ http://localhost:5173/node_modules/.vite/deps/chunk-BCXODTBQ.js?v=1d06c898:518
[  502015ms] [ERROR] Warning: Encountered two children with the same key, `%s`. Keys should be unique so that components maintain their identity across updates. Non-unique keys may cause children to be duplicated and/or omitted — the behavior is unsupported and could change in a future version.%s [object Object] 
    at nav
    at div
    at header
    at MotionComponent (http://localhost:5173/node_modules/.vite/deps/framer-motion.js?v=1d06c898:943:40)
    at Navbar (http://localhost:5173/src/sections/Navbar.jsx?t=1782449508584:59:27)
    at div
    at VideoModalProvider (http://localhost:5173/src/components/VideoModal.jsx:29:38)
    at MotionConfig (http://localhost:5173/node_modules/.vite/deps/framer-motion.js?v=1d06c898:677:25)
    at App @ http://localhost:5173/node_modules/.vite/deps/chunk-BCXODTBQ.js?v=1d06c898:518
[  502015ms] [ERROR] Warning: Encountered two children with the same key, `%s`. Keys should be unique so that components maintain their identity across updates. Non-unique keys may cause children to be duplicated and/or omitted — the behavior is unsupported and could change in a future version.%s [object Object] 
    at nav
    at div
    at header
    at MotionComponent (http://localhost:5173/node_modules/.vite/deps/framer-motion.js?v=1d06c898:943:40)
    at Navbar (http://localhost:5173/src/sections/Navbar.jsx?t=1782449508584:59:27)
    at div
    at VideoModalProvider (http://localhost:5173/src/components/VideoModal.jsx:29:38)
    at MotionConfig (http://localhost:5173/node_modules/.vite/deps/framer-motion.js?v=1d06c898:677:25)
    at App @ http://localhost:5173/node_modules/.vite/deps/chunk-BCXODTBQ.js?v=1d06c898:518
[  502016ms] Error: Objects are not valid as a React child (found: object with keys {label, target}). If you meant to render a collection of children, use an array instead.
    at throwOnInvalidObjectType (http://localhost:5173/node_modules/.vite/deps/chunk-BCXODTBQ.js?v=1d06c898:9932:17)
    at reconcileChildFibers2 (http://localhost:5173/node_modules/.vite/deps/chunk-BCXODTBQ.js?v=1d06c898:10562:15)
    at reconcileChildren (http://localhost:5173/node_modules/.vite/deps/chunk-BCXODTBQ.js?v=1d06c898:14288:37)
    at updateHostComponent (http://localhost:5173/node_modules/.vite/deps/chunk-BCXODTBQ.js?v=1d06c898:14805:11)
    at beginWork (http://localhost:5173/node_modules/.vite/deps/chunk-BCXODTBQ.js?v=1d06c898:15933:22)
    at HTMLUnknownElement.callCallback2 (http://localhost:5173/node_modules/.vite/deps/chunk-BCXODTBQ.js?v=1d06c898:3672:22)
    at Object.invokeGuardedCallbackDev (http://localhost:5173/node_modules/.vite/deps/chunk-BCXODTBQ.js?v=1d06c898:3697:24)
    at invokeGuardedCallback (http://localhost:5173/node_modules/.vite/deps/chunk-BCXODTBQ.js?v=1d06c898:3731:39)
    at beginWork$1 (http://localhost:5173/node_modules/.vite/deps/chunk-BCXODTBQ.js?v=1d06c898:19763:15)
    at performUnitOfWork (http://localhost:5173/node_modules/.vite/deps/chunk-BCXODTBQ.js?v=1d06c898:19196:20)
[  502016ms] Error: Objects are not valid as a React child (found: object with keys {label, target}). If you meant to render a collection of children, use an array instead.
    at throwOnInvalidObjectType (http://localhost:5173/node_modules/.vite/deps/chunk-BCXODTBQ.js?v=1d06c898:9932:17)
    at reconcileChildFibers2 (http://localhost:5173/node_modules/.vite/deps/chunk-BCXODTBQ.js?v=1d06c898:10562:15)
    at reconcileChildren (http://localhost:5173/node_modules/.vite/deps/chunk-BCXODTBQ.js?v=1d06c898:14288:37)
    at updateHostComponent (http://localhost:5173/node_modules/.vite/deps/chunk-BCXODTBQ.js?v=1d06c898:14805:11)
    at beginWork (http://localhost:5173/node_modules/.vite/deps/chunk-BCXODTBQ.js?v=1d06c898:15933:22)
    at HTMLUnknownElement.callCallback2 (http://localhost:5173/node_modules/.vite/deps/chunk-BCXODTBQ.js?v=1d06c898:3672:22)
    at Object.invokeGuardedCallbackDev (http://localhost:5173/node_modules/.vite/deps/chunk-BCXODTBQ.js?v=1d06c898:3697:24)
    at invokeGuardedCallback (http://localhost:5173/node_modules/.vite/deps/chunk-BCXODTBQ.js?v=1d06c898:3731:39)
    at beginWork$1 (http://localhost:5173/node_modules/.vite/deps/chunk-BCXODTBQ.js?v=1d06c898:19763:15)
    at performUnitOfWork (http://localhost:5173/node_modules/.vite/deps/chunk-BCXODTBQ.js?v=1d06c898:19196:20)
[  502017ms] Error: Objects are not valid as a React child (found: object with keys {label, target}). If you meant to render a collection of children, use an array instead.
    at throwOnInvalidObjectType (http://localhost:5173/node_modules/.vite/deps/chunk-BCXODTBQ.js?v=1d06c898:9932:17)
    at reconcileChildFibers2 (http://localhost:5173/node_modules/.vite/deps/chunk-BCXODTBQ.js?v=1d06c898:10562:15)
    at reconcileChildren (http://localhost:5173/node_modules/.vite/deps/chunk-BCXODTBQ.js?v=1d06c898:14288:37)
    at updateHostComponent (http://localhost:5173/node_modules/.vite/deps/chunk-BCXODTBQ.js?v=1d06c898:14805:11)
    at beginWork (http://localhost:5173/node_modules/.vite/deps/chunk-BCXODTBQ.js?v=1d06c898:15933:22)
    at HTMLUnknownElement.callCallback2 (http://localhost:5173/node_modules/.vite/deps/chunk-BCXODTBQ.js?v=1d06c898:3672:22)
    at Object.invokeGuardedCallbackDev (http://localhost:5173/node_modules/.vite/deps/chunk-BCXODTBQ.js?v=1d06c898:3697:24)
    at invokeGuardedCallback (http://localhost:5173/node_modules/.vite/deps/chunk-BCXODTBQ.js?v=1d06c898:3731:39)
    at beginWork$1 (http://localhost:5173/node_modules/.vite/deps/chunk-BCXODTBQ.js?v=1d06c898:19763:15)
    at performUnitOfWork (http://localhost:5173/node_modules/.vite/deps/chunk-BCXODTBQ.js?v=1d06c898:19196:20)
[  502017ms] Error: Objects are not valid as a React child (found: object with keys {label, target}). If you meant to render a collection of children, use an array instead.
    at throwOnInvalidObjectType (http://localhost:5173/node_modules/.vite/deps/chunk-BCXODTBQ.js?v=1d06c898:9932:17)
    at reconcileChildFibers2 (http://localhost:5173/node_modules/.vite/deps/chunk-BCXODTBQ.js?v=1d06c898:10562:15)
    at reconcileChildren (http://localhost:5173/node_modules/.vite/deps/chunk-BCXODTBQ.js?v=1d06c898:14288:37)
    at updateHostComponent (http://localhost:5173/node_modules/.vite/deps/chunk-BCXODTBQ.js?v=1d06c898:14805:11)
    at beginWork (http://localhost:5173/node_modules/.vite/deps/chunk-BCXODTBQ.js?v=1d06c898:15933:22)
    at HTMLUnknownElement.callCallback2 (http://localhost:5173/node_modules/.vite/deps/chunk-BCXODTBQ.js?v=1d06c898:3672:22)
    at Object.invokeGuardedCallbackDev (http://localhost:5173/node_modules/.vite/deps/chunk-BCXODTBQ.js?v=1d06c898:3697:24)
    at invokeGuardedCallback (http://localhost:5173/node_modules/.vite/deps/chunk-BCXODTBQ.js?v=1d06c898:3731:39)
    at beginWork$1 (http://localhost:5173/node_modules/.vite/deps/chunk-BCXODTBQ.js?v=1d06c898:19763:15)
    at performUnitOfWork (http://localhost:5173/node_modules/.vite/deps/chunk-BCXODTBQ.js?v=1d06c898:19196:20)
[  502017ms] Error: Objects are not valid as a React child (found: object with keys {label, target}). If you meant to render a collection of children, use an array instead.
    at throwOnInvalidObjectType (http://localhost:5173/node_modules/.vite/deps/chunk-BCXODTBQ.js?v=1d06c898:9932:17)
    at reconcileChildFibers2 (http://localhost:5173/node_modules/.vite/deps/chunk-BCXODTBQ.js?v=1d06c898:10562:15)
    at reconcileChildren (http://localhost:5173/node_modules/.vite/deps/chunk-BCXODTBQ.js?v=1d06c898:14288:37)
    at updateHostComponent (http://localhost:5173/node_modules/.vite/deps/chunk-BCXODTBQ.js?v=1d06c898:14805:11)
    at beginWork (http://localhost:5173/node_modules/.vite/deps/chunk-BCXODTBQ.js?v=1d06c898:15933:22)
    at HTMLUnknownElement.callCallback2 (http://localhost:5173/node_modules/.vite/deps/chunk-BCXODTBQ.js?v=1d06c898:3672:22)
    at Object.invokeGuardedCallbackDev (http://localhost:5173/node_modules/.vite/deps/chunk-BCXODTBQ.js?v=1d06c898:3697:24)
    at invokeGuardedCallback (http://localhost:5173/node_modules/.vite/deps/chunk-BCXODTBQ.js?v=1d06c898:3731:39)
    at beginWork$1 (http://localhost:5173/node_modules/.vite/deps/chunk-BCXODTBQ.js?v=1d06c898:19763:15)
    at performUnitOfWork (http://localhost:5173/node_modules/.vite/deps/chunk-BCXODTBQ.js?v=1d06c898:19196:20)
[  502046ms] [ERROR] The above error occurred in the <a> component:

    at a
    at nav
    at div
    at header
    at MotionComponent (http://localhost:5173/node_modules/.vite/deps/framer-motion.js?v=1d06c898:943:40)
    at Navbar (http://localhost:5173/src/sections/Navbar.jsx?t=1782449508584:59:27)
    at div
    at VideoModalProvider (http://localhost:5173/src/components/VideoModal.jsx:29:38)
    at MotionConfig (http://localhost:5173/node_modules/.vite/deps/framer-motion.js?v=1d06c898:677:25)
    at App

Consider adding an error boundary to your tree to customize error handling behavior.
Visit https://reactjs.org/link/error-boundaries to learn more about error boundaries. @ http://localhost:5173/node_modules/.vite/deps/chunk-BCXODTBQ.js?v=1d06c898:14029
[  502046ms] [ERROR] The above error occurred in the <a> component:

    at a
    at nav
    at div
    at header
    at MotionComponent (http://localhost:5173/node_modules/.vite/deps/framer-motion.js?v=1d06c898:943:40)
    at Navbar (http://localhost:5173/src/sections/Navbar.jsx?t=1782449508584:59:27)
    at div
    at VideoModalProvider (http://localhost:5173/src/components/VideoModal.jsx:29:38)
    at MotionConfig (http://localhost:5173/node_modules/.vite/deps/framer-motion.js?v=1d06c898:677:25)
    at App

Consider adding an error boundary to your tree to customize error handling behavior.
Visit https://reactjs.org/link/error-boundaries to learn more about error boundaries. @ http://localhost:5173/node_modules/.vite/deps/chunk-BCXODTBQ.js?v=1d06c898:14029
[  502046ms] [ERROR] The above error occurred in the <a> component:

    at a
    at nav
    at div
    at header
    at MotionComponent (http://localhost:5173/node_modules/.vite/deps/framer-motion.js?v=1d06c898:943:40)
    at Navbar (http://localhost:5173/src/sections/Navbar.jsx?t=1782449508584:59:27)
    at div
    at VideoModalProvider (http://localhost:5173/src/components/VideoModal.jsx:29:38)
    at MotionConfig (http://localhost:5173/node_modules/.vite/deps/framer-motion.js?v=1d06c898:677:25)
    at App

Consider adding an error boundary to your tree to customize error handling behavior.
Visit https://reactjs.org/link/error-boundaries to learn more about error boundaries. @ http://localhost:5173/node_modules/.vite/deps/chunk-BCXODTBQ.js?v=1d06c898:14029
[  502046ms] [ERROR] The above error occurred in the <a> component:

    at a
    at nav
    at div
    at header
    at MotionComponent (http://localhost:5173/node_modules/.vite/deps/framer-motion.js?v=1d06c898:943:40)
    at Navbar (http://localhost:5173/src/sections/Navbar.jsx?t=1782449508584:59:27)
    at div
    at VideoModalProvider (http://localhost:5173/src/components/VideoModal.jsx:29:38)
    at MotionConfig (http://localhost:5173/node_modules/.vite/deps/framer-motion.js?v=1d06c898:677:25)
    at App

Consider adding an error boundary to your tree to customize error handling behavior.
Visit https://reactjs.org/link/error-boundaries to learn more about error boundaries. @ http://localhost:5173/node_modules/.vite/deps/chunk-BCXODTBQ.js?v=1d06c898:14029
[  502046ms] [ERROR] The above error occurred in the <a> component:

    at a
    at nav
    at div
    at header
    at MotionComponent (http://localhost:5173/node_modules/.vite/deps/framer-motion.js?v=1d06c898:943:40)
    at Navbar (http://localhost:5173/src/sections/Navbar.jsx?t=1782449508584:59:27)
    at div
    at VideoModalProvider (http://localhost:5173/src/components/VideoModal.jsx:29:38)
    at MotionConfig (http://localhost:5173/node_modules/.vite/deps/framer-motion.js?v=1d06c898:677:25)
    at App

Consider adding an error boundary to your tree to customize error handling behavior.
Visit https://reactjs.org/link/error-boundaries to learn more about error boundaries. @ http://localhost:5173/node_modules/.vite/deps/chunk-BCXODTBQ.js?v=1d06c898:14029
[  502048ms] Error: Objects are not valid as a React child (found: object with keys {label, target}). If you meant to render a collection of children, use an array instead.
    at throwOnInvalidObjectType (http://localhost:5173/node_modules/.vite/deps/chunk-BCXODTBQ.js?v=1d06c898:9932:17)
    at reconcileChildFibers2 (http://localhost:5173/node_modules/.vite/deps/chunk-BCXODTBQ.js?v=1d06c898:10562:15)
    at reconcileChildren (http://localhost:5173/node_modules/.vite/deps/chunk-BCXODTBQ.js?v=1d06c898:14288:37)
    at updateHostComponent (http://localhost:5173/node_modules/.vite/deps/chunk-BCXODTBQ.js?v=1d06c898:14805:11)
    at beginWork (http://localhost:5173/node_modules/.vite/deps/chunk-BCXODTBQ.js?v=1d06c898:15933:22)
    at beginWork$1 (http://localhost:5173/node_modules/.vite/deps/chunk-BCXODTBQ.js?v=1d06c898:19751:22)
    at performUnitOfWork (http://localhost:5173/node_modules/.vite/deps/chunk-BCXODTBQ.js?v=1d06c898:19196:20)
    at workLoopSync (http://localhost:5173/node_modules/.vite/deps/chunk-BCXODTBQ.js?v=1d06c898:19135:13)
    at renderRootSync (http://localhost:5173/node_modules/.vite/deps/chunk-BCXODTBQ.js?v=1d06c898:19114:15)
    at recoverFromConcurrentError (http://localhost:5173/node_modules/.vite/deps/chunk-BCXODTBQ.js?v=1d06c898:18734:28)
[  510007ms] [ERROR] Warning: Encountered two children with the same key, `%s`. Keys should be unique so that components maintain their identity across updates. Non-unique keys may cause children to be duplicated and/or omitted — the behavior is unsupported and could change in a future version.%s [object Object] 
    at nav
    at div
    at header
    at MotionComponent (http://localhost:5173/node_modules/.vite/deps/framer-motion.js?v=1d06c898:943:40)
    at Navbar (http://localhost:5173/src/sections/Navbar.jsx?t=1782449508584:59:27)
    at div
    at VideoModalProvider (http://localhost:5173/src/components/VideoModal.jsx:29:38)
    at MotionConfig (http://localhost:5173/node_modules/.vite/deps/framer-motion.js?v=1d06c898:677:25)
    at App @ http://localhost:5173/node_modules/.vite/deps/chunk-BCXODTBQ.js?v=1d06c898:518
[  510007ms] [ERROR] Warning: Encountered two children with the same key, `%s`. Keys should be unique so that components maintain their identity across updates. Non-unique keys may cause children to be duplicated and/or omitted — the behavior is unsupported and could change in a future version.%s [object Object] 
    at nav
    at div
    at header
    at MotionComponent (http://localhost:5173/node_modules/.vite/deps/framer-motion.js?v=1d06c898:943:40)
    at Navbar (http://localhost:5173/src/sections/Navbar.jsx?t=1782449508584:59:27)
    at div
    at VideoModalProvider (http://localhost:5173/src/components/VideoModal.jsx:29:38)
    at MotionConfig (http://localhost:5173/node_modules/.vite/deps/framer-motion.js?v=1d06c898:677:25)
    at App @ http://localhost:5173/node_modules/.vite/deps/chunk-BCXODTBQ.js?v=1d06c898:518
[  510007ms] [ERROR] Warning: Encountered two children with the same key, `%s`. Keys should be unique so that components maintain their identity across updates. Non-unique keys may cause children to be duplicated and/or omitted — the behavior is unsupported and could change in a future version.%s [object Object] 
    at nav
    at div
    at header
    at MotionComponent (http://localhost:5173/node_modules/.vite/deps/framer-motion.js?v=1d06c898:943:40)
    at Navbar (http://localhost:5173/src/sections/Navbar.jsx?t=1782449508584:59:27)
    at div
    at VideoModalProvider (http://localhost:5173/src/components/VideoModal.jsx:29:38)
    at MotionConfig (http://localhost:5173/node_modules/.vite/deps/framer-motion.js?v=1d06c898:677:25)
    at App @ http://localhost:5173/node_modules/.vite/deps/chunk-BCXODTBQ.js?v=1d06c898:518
[  510007ms] [ERROR] Warning: Encountered two children with the same key, `%s`. Keys should be unique so that components maintain their identity across updates. Non-unique keys may cause children to be duplicated and/or omitted — the behavior is unsupported and could change in a future version.%s [object Object] 
    at nav
    at div
    at header
    at MotionComponent (http://localhost:5173/node_modules/.vite/deps/framer-motion.js?v=1d06c898:943:40)
    at Navbar (http://localhost:5173/src/sections/Navbar.jsx?t=1782449508584:59:27)
    at div
    at VideoModalProvider (http://localhost:5173/src/components/VideoModal.jsx:29:38)
    at MotionConfig (http://localhost:5173/node_modules/.vite/deps/framer-motion.js?v=1d06c898:677:25)
    at App @ http://localhost:5173/node_modules/.vite/deps/chunk-BCXODTBQ.js?v=1d06c898:518
[  510010ms] Error: Objects are not valid as a React child (found: object with keys {label, target}). If you meant to render a collection of children, use an array instead.
    at throwOnInvalidObjectType (http://localhost:5173/node_modules/.vite/deps/chunk-BCXODTBQ.js?v=1d06c898:9932:17)
    at reconcileChildFibers2 (http://localhost:5173/node_modules/.vite/deps/chunk-BCXODTBQ.js?v=1d06c898:10562:15)
    at reconcileChildren (http://localhost:5173/node_modules/.vite/deps/chunk-BCXODTBQ.js?v=1d06c898:14288:37)
    at updateHostComponent (http://localhost:5173/node_modules/.vite/deps/chunk-BCXODTBQ.js?v=1d06c898:14805:11)
    at beginWork (http://localhost:5173/node_modules/.vite/deps/chunk-BCXODTBQ.js?v=1d06c898:15933:22)
    at HTMLUnknownElement.callCallback2 (http://localhost:5173/node_modules/.vite/deps/chunk-BCXODTBQ.js?v=1d06c898:3672:22)
    at Object.invokeGuardedCallbackDev (http://localhost:5173/node_modules/.vite/deps/chunk-BCXODTBQ.js?v=1d06c898:3697:24)
    at invokeGuardedCallback (http://localhost:5173/node_modules/.vite/deps/chunk-BCXODTBQ.js?v=1d06c898:3731:39)
    at beginWork$1 (http://localhost:5173/node_modules/.vite/deps/chunk-BCXODTBQ.js?v=1d06c898:19763:15)
    at performUnitOfWork (http://localhost:5173/node_modules/.vite/deps/chunk-BCXODTBQ.js?v=1d06c898:19196:20)
[  510010ms] Error: Objects are not valid as a React child (found: object with keys {label, target}). If you meant to render a collection of children, use an array instead.
    at throwOnInvalidObjectType (http://localhost:5173/node_modules/.vite/deps/chunk-BCXODTBQ.js?v=1d06c898:9932:17)
    at reconcileChildFibers2 (http://localhost:5173/node_modules/.vite/deps/chunk-BCXODTBQ.js?v=1d06c898:10562:15)
    at reconcileChildren (http://localhost:5173/node_modules/.vite/deps/chunk-BCXODTBQ.js?v=1d06c898:14288:37)
    at updateHostComponent (http://localhost:5173/node_modules/.vite/deps/chunk-BCXODTBQ.js?v=1d06c898:14805:11)
    at beginWork (http://localhost:5173/node_modules/.vite/deps/chunk-BCXODTBQ.js?v=1d06c898:15933:22)
    at HTMLUnknownElement.callCallback2 (http://localhost:5173/node_modules/.vite/deps/chunk-BCXODTBQ.js?v=1d06c898:3672:22)
    at Object.invokeGuardedCallbackDev (http://localhost:5173/node_modules/.vite/deps/chunk-BCXODTBQ.js?v=1d06c898:3697:24)
    at invokeGuardedCallback (http://localhost:5173/node_modules/.vite/deps/chunk-BCXODTBQ.js?v=1d06c898:3731:39)
    at beginWork$1 (http://localhost:5173/node_modules/.vite/deps/chunk-BCXODTBQ.js?v=1d06c898:19763:15)
    at performUnitOfWork (http://localhost:5173/node_modules/.vite/deps/chunk-BCXODTBQ.js?v=1d06c898:19196:20)
[  510010ms] Error: Objects are not valid as a React child (found: object with keys {label, target}). If you meant to render a collection of children, use an array instead.
    at throwOnInvalidObjectType (http://localhost:5173/node_modules/.vite/deps/chunk-BCXODTBQ.js?v=1d06c898:9932:17)
    at reconcileChildFibers2 (http://localhost:5173/node_modules/.vite/deps/chunk-BCXODTBQ.js?v=1d06c898:10562:15)
    at reconcileChildren (http://localhost:5173/node_modules/.vite/deps/chunk-BCXODTBQ.js?v=1d06c898:14288:37)
    at updateHostComponent (http://localhost:5173/node_modules/.vite/deps/chunk-BCXODTBQ.js?v=1d06c898:14805:11)
    at beginWork (http://localhost:5173/node_modules/.vite/deps/chunk-BCXODTBQ.js?v=1d06c898:15933:22)
    at HTMLUnknownElement.callCallback2 (http://localhost:5173/node_modules/.vite/deps/chunk-BCXODTBQ.js?v=1d06c898:3672:22)
    at Object.invokeGuardedCallbackDev (http://localhost:5173/node_modules/.vite/deps/chunk-BCXODTBQ.js?v=1d06c898:3697:24)
    at invokeGuardedCallback (http://localhost:5173/node_modules/.vite/deps/chunk-BCXODTBQ.js?v=1d06c898:3731:39)
    at beginWork$1 (http://localhost:5173/node_modules/.vite/deps/chunk-BCXODTBQ.js?v=1d06c898:19763:15)
    at performUnitOfWork (http://localhost:5173/node_modules/.vite/deps/chunk-BCXODTBQ.js?v=1d06c898:19196:20)
[  510010ms] Error: Objects are not valid as a React child (found: object with keys {label, target}). If you meant to render a collection of children, use an array instead.
    at throwOnInvalidObjectType (http://localhost:5173/node_modules/.vite/deps/chunk-BCXODTBQ.js?v=1d06c898:9932:17)
    at reconcileChildFibers2 (http://localhost:5173/node_modules/.vite/deps/chunk-BCXODTBQ.js?v=1d06c898:10562:15)
    at reconcileChildren (http://localhost:5173/node_modules/.vite/deps/chunk-BCXODTBQ.js?v=1d06c898:14288:37)
    at updateHostComponent (http://localhost:5173/node_modules/.vite/deps/chunk-BCXODTBQ.js?v=1d06c898:14805:11)
    at beginWork (http://localhost:5173/node_modules/.vite/deps/chunk-BCXODTBQ.js?v=1d06c898:15933:22)
    at HTMLUnknownElement.callCallback2 (http://localhost:5173/node_modules/.vite/deps/chunk-BCXODTBQ.js?v=1d06c898:3672:22)
    at Object.invokeGuardedCallbackDev (http://localhost:5173/node_modules/.vite/deps/chunk-BCXODTBQ.js?v=1d06c898:3697:24)
    at invokeGuardedCallback (http://localhost:5173/node_modules/.vite/deps/chunk-BCXODTBQ.js?v=1d06c898:3731:39)
    at beginWork$1 (http://localhost:5173/node_modules/.vite/deps/chunk-BCXODTBQ.js?v=1d06c898:19763:15)
    at performUnitOfWork (http://localhost:5173/node_modules/.vite/deps/chunk-BCXODTBQ.js?v=1d06c898:19196:20)
[  510010ms] Error: Objects are not valid as a React child (found: object with keys {label, target}). If you meant to render a collection of children, use an array instead.
    at throwOnInvalidObjectType (http://localhost:5173/node_modules/.vite/deps/chunk-BCXODTBQ.js?v=1d06c898:9932:17)
    at reconcileChildFibers2 (http://localhost:5173/node_modules/.vite/deps/chunk-BCXODTBQ.js?v=1d06c898:10562:15)
    at reconcileChildren (http://localhost:5173/node_modules/.vite/deps/chunk-BCXODTBQ.js?v=1d06c898:14288:37)
    at updateHostComponent (http://localhost:5173/node_modules/.vite/deps/chunk-BCXODTBQ.js?v=1d06c898:14805:11)
    at beginWork (http://localhost:5173/node_modules/.vite/deps/chunk-BCXODTBQ.js?v=1d06c898:15933:22)
    at HTMLUnknownElement.callCallback2 (http://localhost:5173/node_modules/.vite/deps/chunk-BCXODTBQ.js?v=1d06c898:3672:22)
    at Object.invokeGuardedCallbackDev (http://localhost:5173/node_modules/.vite/deps/chunk-BCXODTBQ.js?v=1d06c898:3697:24)
    at invokeGuardedCallback (http://localhost:5173/node_modules/.vite/deps/chunk-BCXODTBQ.js?v=1d06c898:3731:39)
    at beginWork$1 (http://localhost:5173/node_modules/.vite/deps/chunk-BCXODTBQ.js?v=1d06c898:19763:15)
    at performUnitOfWork (http://localhost:5173/node_modules/.vite/deps/chunk-BCXODTBQ.js?v=1d06c898:19196:20)
[  510031ms] [ERROR] Warning: Encountered two children with the same key, `%s`. Keys should be unique so that components maintain their identity across updates. Non-unique keys may cause children to be duplicated and/or omitted — the behavior is unsupported and could change in a future version.%s [object Object] 
    at nav
    at div
    at header
    at MotionComponent (http://localhost:5173/node_modules/.vite/deps/framer-motion.js?v=1d06c898:943:40)
    at Navbar (http://localhost:5173/src/sections/Navbar.jsx?t=1782449508584:59:27)
    at div
    at VideoModalProvider (http://localhost:5173/src/components/VideoModal.jsx:29:38)
    at MotionConfig (http://localhost:5173/node_modules/.vite/deps/framer-motion.js?v=1d06c898:677:25)
    at App @ http://localhost:5173/node_modules/.vite/deps/chunk-BCXODTBQ.js?v=1d06c898:518
[  510031ms] [ERROR] Warning: Encountered two children with the same key, `%s`. Keys should be unique so that components maintain their identity across updates. Non-unique keys may cause children to be duplicated and/or omitted — the behavior is unsupported and could change in a future version.%s [object Object] 
    at nav
    at div
    at header
    at MotionComponent (http://localhost:5173/node_modules/.vite/deps/framer-motion.js?v=1d06c898:943:40)
    at Navbar (http://localhost:5173/src/sections/Navbar.jsx?t=1782449508584:59:27)
    at div
    at VideoModalProvider (http://localhost:5173/src/components/VideoModal.jsx:29:38)
    at MotionConfig (http://localhost:5173/node_modules/.vite/deps/framer-motion.js?v=1d06c898:677:25)
    at App @ http://localhost:5173/node_modules/.vite/deps/chunk-BCXODTBQ.js?v=1d06c898:518
[  510031ms] [ERROR] Warning: Encountered two children with the same key, `%s`. Keys should be unique so that components maintain their identity across updates. Non-unique keys may cause children to be duplicated and/or omitted — the behavior is unsupported and could change in a future version.%s [object Object] 
    at nav
    at div
    at header
    at MotionComponent (http://localhost:5173/node_modules/.vite/deps/framer-motion.js?v=1d06c898:943:40)
    at Navbar (http://localhost:5173/src/sections/Navbar.jsx?t=1782449508584:59:27)
    at div
    at VideoModalProvider (http://localhost:5173/src/components/VideoModal.jsx:29:38)
    at MotionConfig (http://localhost:5173/node_modules/.vite/deps/framer-motion.js?v=1d06c898:677:25)
    at App @ http://localhost:5173/node_modules/.vite/deps/chunk-BCXODTBQ.js?v=1d06c898:518
[  510031ms] [ERROR] Warning: Encountered two children with the same key, `%s`. Keys should be unique so that components maintain their identity across updates. Non-unique keys may cause children to be duplicated and/or omitted — the behavior is unsupported and could change in a future version.%s [object Object] 
    at nav
    at div
    at header
    at MotionComponent (http://localhost:5173/node_modules/.vite/deps/framer-motion.js?v=1d06c898:943:40)
    at Navbar (http://localhost:5173/src/sections/Navbar.jsx?t=1782449508584:59:27)
    at div
    at VideoModalProvider (http://localhost:5173/src/components/VideoModal.jsx:29:38)
    at MotionConfig (http://localhost:5173/node_modules/.vite/deps/framer-motion.js?v=1d06c898:677:25)
    at App @ http://localhost:5173/node_modules/.vite/deps/chunk-BCXODTBQ.js?v=1d06c898:518
[  510033ms] Error: Objects are not valid as a React child (found: object with keys {label, target}). If you meant to render a collection of children, use an array instead.
    at throwOnInvalidObjectType (http://localhost:5173/node_modules/.vite/deps/chunk-BCXODTBQ.js?v=1d06c898:9932:17)
    at reconcileChildFibers2 (http://localhost:5173/node_modules/.vite/deps/chunk-BCXODTBQ.js?v=1d06c898:10562:15)
    at reconcileChildren (http://localhost:5173/node_modules/.vite/deps/chunk-BCXODTBQ.js?v=1d06c898:14288:37)
    at updateHostComponent (http://localhost:5173/node_modules/.vite/deps/chunk-BCXODTBQ.js?v=1d06c898:14805:11)
    at beginWork (http://localhost:5173/node_modules/.vite/deps/chunk-BCXODTBQ.js?v=1d06c898:15933:22)
    at HTMLUnknownElement.callCallback2 (http://localhost:5173/node_modules/.vite/deps/chunk-BCXODTBQ.js?v=1d06c898:3672:22)
    at Object.invokeGuardedCallbackDev (http://localhost:5173/node_modules/.vite/deps/chunk-BCXODTBQ.js?v=1d06c898:3697:24)
    at invokeGuardedCallback (http://localhost:5173/node_modules/.vite/deps/chunk-BCXODTBQ.js?v=1d06c898:3731:39)
    at beginWork$1 (http://localhost:5173/node_modules/.vite/deps/chunk-BCXODTBQ.js?v=1d06c898:19763:15)
    at performUnitOfWork (http://localhost:5173/node_modules/.vite/deps/chunk-BCXODTBQ.js?v=1d06c898:19196:20)
[  510033ms] Error: Objects are not valid as a React child (found: object with keys {label, target}). If you meant to render a collection of children, use an array instead.
    at throwOnInvalidObjectType (http://localhost:5173/node_modules/.vite/deps/chunk-BCXODTBQ.js?v=1d06c898:9932:17)
    at reconcileChildFibers2 (http://localhost:5173/node_modules/.vite/deps/chunk-BCXODTBQ.js?v=1d06c898:10562:15)
    at reconcileChildren (http://localhost:5173/node_modules/.vite/deps/chunk-BCXODTBQ.js?v=1d06c898:14288:37)
    at updateHostComponent (http://localhost:5173/node_modules/.vite/deps/chunk-BCXODTBQ.js?v=1d06c898:14805:11)
    at beginWork (http://localhost:5173/node_modules/.vite/deps/chunk-BCXODTBQ.js?v=1d06c898:15933:22)
    at HTMLUnknownElement.callCallback2 (http://localhost:5173/node_modules/.vite/deps/chunk-BCXODTBQ.js?v=1d06c898:3672:22)
    at Object.invokeGuardedCallbackDev (http://localhost:5173/node_modules/.vite/deps/chunk-BCXODTBQ.js?v=1d06c898:3697:24)
    at invokeGuardedCallback (http://localhost:5173/node_modules/.vite/deps/chunk-BCXODTBQ.js?v=1d06c898:3731:39)
    at beginWork$1 (http://localhost:5173/node_modules/.vite/deps/chunk-BCXODTBQ.js?v=1d06c898:19763:15)
    at performUnitOfWork (http://localhost:5173/node_modules/.vite/deps/chunk-BCXODTBQ.js?v=1d06c898:19196:20)
[  510033ms] Error: Objects are not valid as a React child (found: object with keys {label, target}). If you meant to render a collection of children, use an array instead.
    at throwOnInvalidObjectType (http://localhost:5173/node_modules/.vite/deps/chunk-BCXODTBQ.js?v=1d06c898:9932:17)
    at reconcileChildFibers2 (http://localhost:5173/node_modules/.vite/deps/chunk-BCXODTBQ.js?v=1d06c898:10562:15)
    at reconcileChildren (http://localhost:5173/node_modules/.vite/deps/chunk-BCXODTBQ.js?v=1d06c898:14288:37)
    at updateHostComponent (http://localhost:5173/node_modules/.vite/deps/chunk-BCXODTBQ.js?v=1d06c898:14805:11)
    at beginWork (http://localhost:5173/node_modules/.vite/deps/chunk-BCXODTBQ.js?v=1d06c898:15933:22)
    at HTMLUnknownElement.callCallback2 (http://localhost:5173/node_modules/.vite/deps/chunk-BCXODTBQ.js?v=1d06c898:3672:22)
    at Object.invokeGuardedCallbackDev (http://localhost:5173/node_modules/.vite/deps/chunk-BCXODTBQ.js?v=1d06c898:3697:24)
    at invokeGuardedCallback (http://localhost:5173/node_modules/.vite/deps/chunk-BCXODTBQ.js?v=1d06c898:3731:39)
    at beginWork$1 (http://localhost:5173/node_modules/.vite/deps/chunk-BCXODTBQ.js?v=1d06c898:19763:15)
    at performUnitOfWork (http://localhost:5173/node_modules/.vite/deps/chunk-BCXODTBQ.js?v=1d06c898:19196:20)
[  510034ms] Error: Objects are not valid as a React child (found: object with keys {label, target}). If you meant to render a collection of children, use an array instead.
    at throwOnInvalidObjectType (http://localhost:5173/node_modules/.vite/deps/chunk-BCXODTBQ.js?v=1d06c898:9932:17)
    at reconcileChildFibers2 (http://localhost:5173/node_modules/.vite/deps/chunk-BCXODTBQ.js?v=1d06c898:10562:15)
    at reconcileChildren (http://localhost:5173/node_modules/.vite/deps/chunk-BCXODTBQ.js?v=1d06c898:14288:37)
    at updateHostComponent (http://localhost:5173/node_modules/.vite/deps/chunk-BCXODTBQ.js?v=1d06c898:14805:11)
    at beginWork (http://localhost:5173/node_modules/.vite/deps/chunk-BCXODTBQ.js?v=1d06c898:15933:22)
    at HTMLUnknownElement.callCallback2 (http://localhost:5173/node_modules/.vite/deps/chunk-BCXODTBQ.js?v=1d06c898:3672:22)
    at Object.invokeGuardedCallbackDev (http://localhost:5173/node_modules/.vite/deps/chunk-BCXODTBQ.js?v=1d06c898:3697:24)
    at invokeGuardedCallback (http://localhost:5173/node_modules/.vite/deps/chunk-BCXODTBQ.js?v=1d06c898:3731:39)
    at beginWork$1 (http://localhost:5173/node_modules/.vite/deps/chunk-BCXODTBQ.js?v=1d06c898:19763:15)
    at performUnitOfWork (http://localhost:5173/node_modules/.vite/deps/chunk-BCXODTBQ.js?v=1d06c898:19196:20)
[  510034ms] Error: Objects are not valid as a React child (found: object with keys {label, target}). If you meant to render a collection of children, use an array instead.
    at throwOnInvalidObjectType (http://localhost:5173/node_modules/.vite/deps/chunk-BCXODTBQ.js?v=1d06c898:9932:17)
    at reconcileChildFibers2 (http://localhost:5173/node_modules/.vite/deps/chunk-BCXODTBQ.js?v=1d06c898:10562:15)
    at reconcileChildren (http://localhost:5173/node_modules/.vite/deps/chunk-BCXODTBQ.js?v=1d06c898:14288:37)
    at updateHostComponent (http://localhost:5173/node_modules/.vite/deps/chunk-BCXODTBQ.js?v=1d06c898:14805:11)
    at beginWork (http://localhost:5173/node_modules/.vite/deps/chunk-BCXODTBQ.js?v=1d06c898:15933:22)
    at HTMLUnknownElement.callCallback2 (http://localhost:5173/node_modules/.vite/deps/chunk-BCXODTBQ.js?v=1d06c898:3672:22)
    at Object.invokeGuardedCallbackDev (http://localhost:5173/node_modules/.vite/deps/chunk-BCXODTBQ.js?v=1d06c898:3697:24)
    at invokeGuardedCallback (http://localhost:5173/node_modules/.vite/deps/chunk-BCXODTBQ.js?v=1d06c898:3731:39)
    at beginWork$1 (http://localhost:5173/node_modules/.vite/deps/chunk-BCXODTBQ.js?v=1d06c898:19763:15)
    at performUnitOfWork (http://localhost:5173/node_modules/.vite/deps/chunk-BCXODTBQ.js?v=1d06c898:19196:20)
[  510057ms] [ERROR] The above error occurred in the <a> component:

    at a
    at nav
    at div
    at header
    at MotionComponent (http://localhost:5173/node_modules/.vite/deps/framer-motion.js?v=1d06c898:943:40)
    at Navbar (http://localhost:5173/src/sections/Navbar.jsx?t=1782449508584:59:27)
    at div
    at VideoModalProvider (http://localhost:5173/src/components/VideoModal.jsx:29:38)
    at MotionConfig (http://localhost:5173/node_modules/.vite/deps/framer-motion.js?v=1d06c898:677:25)
    at App

Consider adding an error boundary to your tree to customize error handling behavior.
Visit https://reactjs.org/link/error-boundaries to learn more about error boundaries. @ http://localhost:5173/node_modules/.vite/deps/chunk-BCXODTBQ.js?v=1d06c898:14029
[  510058ms] [ERROR] The above error occurred in the <a> component:

    at a
    at nav
    at div
    at header
    at MotionComponent (http://localhost:5173/node_modules/.vite/deps/framer-motion.js?v=1d06c898:943:40)
    at Navbar (http://localhost:5173/src/sections/Navbar.jsx?t=1782449508584:59:27)
    at div
    at VideoModalProvider (http://localhost:5173/src/components/VideoModal.jsx:29:38)
    at MotionConfig (http://localhost:5173/node_modules/.vite/deps/framer-motion.js?v=1d06c898:677:25)
    at App

Consider adding an error boundary to your tree to customize error handling behavior.
Visit https://reactjs.org/link/error-boundaries to learn more about error boundaries. @ http://localhost:5173/node_modules/.vite/deps/chunk-BCXODTBQ.js?v=1d06c898:14029
[  510058ms] [ERROR] The above error occurred in the <a> component:

    at a
    at nav
    at div
    at header
    at MotionComponent (http://localhost:5173/node_modules/.vite/deps/framer-motion.js?v=1d06c898:943:40)
    at Navbar (http://localhost:5173/src/sections/Navbar.jsx?t=1782449508584:59:27)
    at div
    at VideoModalProvider (http://localhost:5173/src/components/VideoModal.jsx:29:38)
    at MotionConfig (http://localhost:5173/node_modules/.vite/deps/framer-motion.js?v=1d06c898:677:25)
    at App

Consider adding an error boundary to your tree to customize error handling behavior.
Visit https://reactjs.org/link/error-boundaries to learn more about error boundaries. @ http://localhost:5173/node_modules/.vite/deps/chunk-BCXODTBQ.js?v=1d06c898:14029
[  510058ms] [ERROR] The above error occurred in the <a> component:

    at a
    at nav
    at div
    at header
    at MotionComponent (http://localhost:5173/node_modules/.vite/deps/framer-motion.js?v=1d06c898:943:40)
    at Navbar (http://localhost:5173/src/sections/Navbar.jsx?t=1782449508584:59:27)
    at div
    at VideoModalProvider (http://localhost:5173/src/components/VideoModal.jsx:29:38)
    at MotionConfig (http://localhost:5173/node_modules/.vite/deps/framer-motion.js?v=1d06c898:677:25)
    at App

Consider adding an error boundary to your tree to customize error handling behavior.
Visit https://reactjs.org/link/error-boundaries to learn more about error boundaries. @ http://localhost:5173/node_modules/.vite/deps/chunk-BCXODTBQ.js?v=1d06c898:14029
[  510058ms] [ERROR] The above error occurred in the <a> component:

    at a
    at nav
    at div
    at header
    at MotionComponent (http://localhost:5173/node_modules/.vite/deps/framer-motion.js?v=1d06c898:943:40)
    at Navbar (http://localhost:5173/src/sections/Navbar.jsx?t=1782449508584:59:27)
    at div
    at VideoModalProvider (http://localhost:5173/src/components/VideoModal.jsx:29:38)
    at MotionConfig (http://localhost:5173/node_modules/.vite/deps/framer-motion.js?v=1d06c898:677:25)
    at App

Consider adding an error boundary to your tree to customize error handling behavior.
Visit https://reactjs.org/link/error-boundaries to learn more about error boundaries. @ http://localhost:5173/node_modules/.vite/deps/chunk-BCXODTBQ.js?v=1d06c898:14029
[  510060ms] Error: Objects are not valid as a React child (found: object with keys {label, target}). If you meant to render a collection of children, use an array instead.
    at throwOnInvalidObjectType (http://localhost:5173/node_modules/.vite/deps/chunk-BCXODTBQ.js?v=1d06c898:9932:17)
    at reconcileChildFibers2 (http://localhost:5173/node_modules/.vite/deps/chunk-BCXODTBQ.js?v=1d06c898:10562:15)
    at reconcileChildren (http://localhost:5173/node_modules/.vite/deps/chunk-BCXODTBQ.js?v=1d06c898:14288:37)
    at updateHostComponent (http://localhost:5173/node_modules/.vite/deps/chunk-BCXODTBQ.js?v=1d06c898:14805:11)
    at beginWork (http://localhost:5173/node_modules/.vite/deps/chunk-BCXODTBQ.js?v=1d06c898:15933:22)
    at beginWork$1 (http://localhost:5173/node_modules/.vite/deps/chunk-BCXODTBQ.js?v=1d06c898:19751:22)
    at performUnitOfWork (http://localhost:5173/node_modules/.vite/deps/chunk-BCXODTBQ.js?v=1d06c898:19196:20)
    at workLoopSync (http://localhost:5173/node_modules/.vite/deps/chunk-BCXODTBQ.js?v=1d06c898:19135:13)
    at renderRootSync (http://localhost:5173/node_modules/.vite/deps/chunk-BCXODTBQ.js?v=1d06c898:19114:15)
    at recoverFromConcurrentError (http://localhost:5173/node_modules/.vite/deps/chunk-BCXODTBQ.js?v=1d06c898:18734:28)
[  517315ms] [ERROR] Warning: Encountered two children with the same key, `%s`. Keys should be unique so that components maintain their identity across updates. Non-unique keys may cause children to be duplicated and/or omitted — the behavior is unsupported and could change in a future version.%s [object Object] 
    at nav
    at div
    at header
    at MotionComponent (http://localhost:5173/node_modules/.vite/deps/framer-motion.js?v=1d06c898:943:40)
    at Navbar (http://localhost:5173/src/sections/Navbar.jsx?t=1782449508584:59:27)
    at div
    at VideoModalProvider (http://localhost:5173/src/components/VideoModal.jsx:29:38)
    at MotionConfig (http://localhost:5173/node_modules/.vite/deps/framer-motion.js?v=1d06c898:677:25)
    at App @ http://localhost:5173/node_modules/.vite/deps/chunk-BCXODTBQ.js?v=1d06c898:518
[  517315ms] [ERROR] Warning: Encountered two children with the same key, `%s`. Keys should be unique so that components maintain their identity across updates. Non-unique keys may cause children to be duplicated and/or omitted — the behavior is unsupported and could change in a future version.%s [object Object] 
    at nav
    at div
    at header
    at MotionComponent (http://localhost:5173/node_modules/.vite/deps/framer-motion.js?v=1d06c898:943:40)
    at Navbar (http://localhost:5173/src/sections/Navbar.jsx?t=1782449508584:59:27)
    at div
    at VideoModalProvider (http://localhost:5173/src/components/VideoModal.jsx:29:38)
    at MotionConfig (http://localhost:5173/node_modules/.vite/deps/framer-motion.js?v=1d06c898:677:25)
    at App @ http://localhost:5173/node_modules/.vite/deps/chunk-BCXODTBQ.js?v=1d06c898:518
[  517315ms] [ERROR] Warning: Encountered two children with the same key, `%s`. Keys should be unique so that components maintain their identity across updates. Non-unique keys may cause children to be duplicated and/or omitted — the behavior is unsupported and could change in a future version.%s [object Object] 
    at nav
    at div
    at header
    at MotionComponent (http://localhost:5173/node_modules/.vite/deps/framer-motion.js?v=1d06c898:943:40)
    at Navbar (http://localhost:5173/src/sections/Navbar.jsx?t=1782449508584:59:27)
    at div
    at VideoModalProvider (http://localhost:5173/src/components/VideoModal.jsx:29:38)
    at MotionConfig (http://localhost:5173/node_modules/.vite/deps/framer-motion.js?v=1d06c898:677:25)
    at App @ http://localhost:5173/node_modules/.vite/deps/chunk-BCXODTBQ.js?v=1d06c898:518
[  517315ms] [ERROR] Warning: Encountered two children with the same key, `%s`. Keys should be unique so that components maintain their identity across updates. Non-unique keys may cause children to be duplicated and/or omitted — the behavior is unsupported and could change in a future version.%s [object Object] 
    at nav
    at div
    at header
    at MotionComponent (http://localhost:5173/node_modules/.vite/deps/framer-motion.js?v=1d06c898:943:40)
    at Navbar (http://localhost:5173/src/sections/Navbar.jsx?t=1782449508584:59:27)
    at div
    at VideoModalProvider (http://localhost:5173/src/components/VideoModal.jsx:29:38)
    at MotionConfig (http://localhost:5173/node_modules/.vite/deps/framer-motion.js?v=1d06c898:677:25)
    at App @ http://localhost:5173/node_modules/.vite/deps/chunk-BCXODTBQ.js?v=1d06c898:518
[  517317ms] Error: Objects are not valid as a React child (found: object with keys {label, target}). If you meant to render a collection of children, use an array instead.
    at throwOnInvalidObjectType (http://localhost:5173/node_modules/.vite/deps/chunk-BCXODTBQ.js?v=1d06c898:9932:17)
    at reconcileChildFibers2 (http://localhost:5173/node_modules/.vite/deps/chunk-BCXODTBQ.js?v=1d06c898:10562:15)
    at reconcileChildren (http://localhost:5173/node_modules/.vite/deps/chunk-BCXODTBQ.js?v=1d06c898:14288:37)
    at updateHostComponent (http://localhost:5173/node_modules/.vite/deps/chunk-BCXODTBQ.js?v=1d06c898:14805:11)
    at beginWork (http://localhost:5173/node_modules/.vite/deps/chunk-BCXODTBQ.js?v=1d06c898:15933:22)
    at HTMLUnknownElement.callCallback2 (http://localhost:5173/node_modules/.vite/deps/chunk-BCXODTBQ.js?v=1d06c898:3672:22)
    at Object.invokeGuardedCallbackDev (http://localhost:5173/node_modules/.vite/deps/chunk-BCXODTBQ.js?v=1d06c898:3697:24)
    at invokeGuardedCallback (http://localhost:5173/node_modules/.vite/deps/chunk-BCXODTBQ.js?v=1d06c898:3731:39)
    at beginWork$1 (http://localhost:5173/node_modules/.vite/deps/chunk-BCXODTBQ.js?v=1d06c898:19763:15)
    at performUnitOfWork (http://localhost:5173/node_modules/.vite/deps/chunk-BCXODTBQ.js?v=1d06c898:19196:20)
[  517317ms] Error: Objects are not valid as a React child (found: object with keys {label, target}). If you meant to render a collection of children, use an array instead.
    at throwOnInvalidObjectType (http://localhost:5173/node_modules/.vite/deps/chunk-BCXODTBQ.js?v=1d06c898:9932:17)
    at reconcileChildFibers2 (http://localhost:5173/node_modules/.vite/deps/chunk-BCXODTBQ.js?v=1d06c898:10562:15)
    at reconcileChildren (http://localhost:5173/node_modules/.vite/deps/chunk-BCXODTBQ.js?v=1d06c898:14288:37)
    at updateHostComponent (http://localhost:5173/node_modules/.vite/deps/chunk-BCXODTBQ.js?v=1d06c898:14805:11)
    at beginWork (http://localhost:5173/node_modules/.vite/deps/chunk-BCXODTBQ.js?v=1d06c898:15933:22)
    at HTMLUnknownElement.callCallback2 (http://localhost:5173/node_modules/.vite/deps/chunk-BCXODTBQ.js?v=1d06c898:3672:22)
    at Object.invokeGuardedCallbackDev (http://localhost:5173/node_modules/.vite/deps/chunk-BCXODTBQ.js?v=1d06c898:3697:24)
    at invokeGuardedCallback (http://localhost:5173/node_modules/.vite/deps/chunk-BCXODTBQ.js?v=1d06c898:3731:39)
    at beginWork$1 (http://localhost:5173/node_modules/.vite/deps/chunk-BCXODTBQ.js?v=1d06c898:19763:15)
    at performUnitOfWork (http://localhost:5173/node_modules/.vite/deps/chunk-BCXODTBQ.js?v=1d06c898:19196:20)
[  517317ms] Error: Objects are not valid as a React child (found: object with keys {label, target}). If you meant to render a collection of children, use an array instead.
    at throwOnInvalidObjectType (http://localhost:5173/node_modules/.vite/deps/chunk-BCXODTBQ.js?v=1d06c898:9932:17)
    at reconcileChildFibers2 (http://localhost:5173/node_modules/.vite/deps/chunk-BCXODTBQ.js?v=1d06c898:10562:15)
    at reconcileChildren (http://localhost:5173/node_modules/.vite/deps/chunk-BCXODTBQ.js?v=1d06c898:14288:37)
    at updateHostComponent (http://localhost:5173/node_modules/.vite/deps/chunk-BCXODTBQ.js?v=1d06c898:14805:11)
    at beginWork (http://localhost:5173/node_modules/.vite/deps/chunk-BCXODTBQ.js?v=1d06c898:15933:22)
    at HTMLUnknownElement.callCallback2 (http://localhost:5173/node_modules/.vite/deps/chunk-BCXODTBQ.js?v=1d06c898:3672:22)
    at Object.invokeGuardedCallbackDev (http://localhost:5173/node_modules/.vite/deps/chunk-BCXODTBQ.js?v=1d06c898:3697:24)
    at invokeGuardedCallback (http://localhost:5173/node_modules/.vite/deps/chunk-BCXODTBQ.js?v=1d06c898:3731:39)
    at beginWork$1 (http://localhost:5173/node_modules/.vite/deps/chunk-BCXODTBQ.js?v=1d06c898:19763:15)
    at performUnitOfWork (http://localhost:5173/node_modules/.vite/deps/chunk-BCXODTBQ.js?v=1d06c898:19196:20)
[  517318ms] Error: Objects are not valid as a React child (found: object with keys {label, target}). If you meant to render a collection of children, use an array instead.
    at throwOnInvalidObjectType (http://localhost:5173/node_modules/.vite/deps/chunk-BCXODTBQ.js?v=1d06c898:9932:17)
    at reconcileChildFibers2 (http://localhost:5173/node_modules/.vite/deps/chunk-BCXODTBQ.js?v=1d06c898:10562:15)
    at reconcileChildren (http://localhost:5173/node_modules/.vite/deps/chunk-BCXODTBQ.js?v=1d06c898:14288:37)
    at updateHostComponent (http://localhost:5173/node_modules/.vite/deps/chunk-BCXODTBQ.js?v=1d06c898:14805:11)
    at beginWork (http://localhost:5173/node_modules/.vite/deps/chunk-BCXODTBQ.js?v=1d06c898:15933:22)
    at HTMLUnknownElement.callCallback2 (http://localhost:5173/node_modules/.vite/deps/chunk-BCXODTBQ.js?v=1d06c898:3672:22)
    at Object.invokeGuardedCallbackDev (http://localhost:5173/node_modules/.vite/deps/chunk-BCXODTBQ.js?v=1d06c898:3697:24)
    at invokeGuardedCallback (http://localhost:5173/node_modules/.vite/deps/chunk-BCXODTBQ.js?v=1d06c898:3731:39)
    at beginWork$1 (http://localhost:5173/node_modules/.vite/deps/chunk-BCXODTBQ.js?v=1d06c898:19763:15)
    at performUnitOfWork (http://localhost:5173/node_modules/.vite/deps/chunk-BCXODTBQ.js?v=1d06c898:19196:20)
[  517318ms] Error: Objects are not valid as a React child (found: object with keys {label, target}). If you meant to render a collection of children, use an array instead.
    at throwOnInvalidObjectType (http://localhost:5173/node_modules/.vite/deps/chunk-BCXODTBQ.js?v=1d06c898:9932:17)
    at reconcileChildFibers2 (http://localhost:5173/node_modules/.vite/deps/chunk-BCXODTBQ.js?v=1d06c898:10562:15)
    at reconcileChildren (http://localhost:5173/node_modules/.vite/deps/chunk-BCXODTBQ.js?v=1d06c898:14288:37)
    at updateHostComponent (http://localhost:5173/node_modules/.vite/deps/chunk-BCXODTBQ.js?v=1d06c898:14805:11)
    at beginWork (http://localhost:5173/node_modules/.vite/deps/chunk-BCXODTBQ.js?v=1d06c898:15933:22)
    at HTMLUnknownElement.callCallback2 (http://localhost:5173/node_modules/.vite/deps/chunk-BCXODTBQ.js?v=1d06c898:3672:22)
    at Object.invokeGuardedCallbackDev (http://localhost:5173/node_modules/.vite/deps/chunk-BCXODTBQ.js?v=1d06c898:3697:24)
    at invokeGuardedCallback (http://localhost:5173/node_modules/.vite/deps/chunk-BCXODTBQ.js?v=1d06c898:3731:39)
    at beginWork$1 (http://localhost:5173/node_modules/.vite/deps/chunk-BCXODTBQ.js?v=1d06c898:19763:15)
    at performUnitOfWork (http://localhost:5173/node_modules/.vite/deps/chunk-BCXODTBQ.js?v=1d06c898:19196:20)
[  517347ms] [ERROR] Warning: Encountered two children with the same key, `%s`. Keys should be unique so that components maintain their identity across updates. Non-unique keys may cause children to be duplicated and/or omitted — the behavior is unsupported and could change in a future version.%s [object Object] 
    at nav
    at div
    at header
    at MotionComponent (http://localhost:5173/node_modules/.vite/deps/framer-motion.js?v=1d06c898:943:40)
    at Navbar (http://localhost:5173/src/sections/Navbar.jsx?t=1782449508584:59:27)
    at div
    at VideoModalProvider (http://localhost:5173/src/components/VideoModal.jsx:29:38)
    at MotionConfig (http://localhost:5173/node_modules/.vite/deps/framer-motion.js?v=1d06c898:677:25)
    at App @ http://localhost:5173/node_modules/.vite/deps/chunk-BCXODTBQ.js?v=1d06c898:518
[  517347ms] [ERROR] Warning: Encountered two children with the same key, `%s`. Keys should be unique so that components maintain their identity across updates. Non-unique keys may cause children to be duplicated and/or omitted — the behavior is unsupported and could change in a future version.%s [object Object] 
    at nav
    at div
    at header
    at MotionComponent (http://localhost:5173/node_modules/.vite/deps/framer-motion.js?v=1d06c898:943:40)
    at Navbar (http://localhost:5173/src/sections/Navbar.jsx?t=1782449508584:59:27)
    at div
    at VideoModalProvider (http://localhost:5173/src/components/VideoModal.jsx:29:38)
    at MotionConfig (http://localhost:5173/node_modules/.vite/deps/framer-motion.js?v=1d06c898:677:25)
    at App @ http://localhost:5173/node_modules/.vite/deps/chunk-BCXODTBQ.js?v=1d06c898:518
[  517347ms] [ERROR] Warning: Encountered two children with the same key, `%s`. Keys should be unique so that components maintain their identity across updates. Non-unique keys may cause children to be duplicated and/or omitted — the behavior is unsupported and could change in a future version.%s [object Object] 
    at nav
    at div
    at header
    at MotionComponent (http://localhost:5173/node_modules/.vite/deps/framer-motion.js?v=1d06c898:943:40)
    at Navbar (http://localhost:5173/src/sections/Navbar.jsx?t=1782449508584:59:27)
    at div
    at VideoModalProvider (http://localhost:5173/src/components/VideoModal.jsx:29:38)
    at MotionConfig (http://localhost:5173/node_modules/.vite/deps/framer-motion.js?v=1d06c898:677:25)
    at App @ http://localhost:5173/node_modules/.vite/deps/chunk-BCXODTBQ.js?v=1d06c898:518
[  517348ms] [ERROR] Warning: Encountered two children with the same key, `%s`. Keys should be unique so that components maintain their identity across updates. Non-unique keys may cause children to be duplicated and/or omitted — the behavior is unsupported and could change in a future version.%s [object Object] 
    at nav
    at div
    at header
    at MotionComponent (http://localhost:5173/node_modules/.vite/deps/framer-motion.js?v=1d06c898:943:40)
    at Navbar (http://localhost:5173/src/sections/Navbar.jsx?t=1782449508584:59:27)
    at div
    at VideoModalProvider (http://localhost:5173/src/components/VideoModal.jsx:29:38)
    at MotionConfig (http://localhost:5173/node_modules/.vite/deps/framer-motion.js?v=1d06c898:677:25)
    at App @ http://localhost:5173/node_modules/.vite/deps/chunk-BCXODTBQ.js?v=1d06c898:518
[  517349ms] Error: Objects are not valid as a React child (found: object with keys {label, target}). If you meant to render a collection of children, use an array instead.
    at throwOnInvalidObjectType (http://localhost:5173/node_modules/.vite/deps/chunk-BCXODTBQ.js?v=1d06c898:9932:17)
    at reconcileChildFibers2 (http://localhost:5173/node_modules/.vite/deps/chunk-BCXODTBQ.js?v=1d06c898:10562:15)
    at reconcileChildren (http://localhost:5173/node_modules/.vite/deps/chunk-BCXODTBQ.js?v=1d06c898:14288:37)
    at updateHostComponent (http://localhost:5173/node_modules/.vite/deps/chunk-BCXODTBQ.js?v=1d06c898:14805:11)
    at beginWork (http://localhost:5173/node_modules/.vite/deps/chunk-BCXODTBQ.js?v=1d06c898:15933:22)
    at HTMLUnknownElement.callCallback2 (http://localhost:5173/node_modules/.vite/deps/chunk-BCXODTBQ.js?v=1d06c898:3672:22)
    at Object.invokeGuardedCallbackDev (http://localhost:5173/node_modules/.vite/deps/chunk-BCXODTBQ.js?v=1d06c898:3697:24)
    at invokeGuardedCallback (http://localhost:5173/node_modules/.vite/deps/chunk-BCXODTBQ.js?v=1d06c898:3731:39)
    at beginWork$1 (http://localhost:5173/node_modules/.vite/deps/chunk-BCXODTBQ.js?v=1d06c898:19763:15)
    at performUnitOfWork (http://localhost:5173/node_modules/.vite/deps/chunk-BCXODTBQ.js?v=1d06c898:19196:20)
[  517349ms] Error: Objects are not valid as a React child (found: object with keys {label, target}). If you meant to render a collection of children, use an array instead.
    at throwOnInvalidObjectType (http://localhost:5173/node_modules/.vite/deps/chunk-BCXODTBQ.js?v=1d06c898:9932:17)
    at reconcileChildFibers2 (http://localhost:5173/node_modules/.vite/deps/chunk-BCXODTBQ.js?v=1d06c898:10562:15)
    at reconcileChildren (http://localhost:5173/node_modules/.vite/deps/chunk-BCXODTBQ.js?v=1d06c898:14288:37)
    at updateHostComponent (http://localhost:5173/node_modules/.vite/deps/chunk-BCXODTBQ.js?v=1d06c898:14805:11)
    at beginWork (http://localhost:5173/node_modules/.vite/deps/chunk-BCXODTBQ.js?v=1d06c898:15933:22)
    at HTMLUnknownElement.callCallback2 (http://localhost:5173/node_modules/.vite/deps/chunk-BCXODTBQ.js?v=1d06c898:3672:22)
    at Object.invokeGuardedCallbackDev (http://localhost:5173/node_modules/.vite/deps/chunk-BCXODTBQ.js?v=1d06c898:3697:24)
    at invokeGuardedCallback (http://localhost:5173/node_modules/.vite/deps/chunk-BCXODTBQ.js?v=1d06c898:3731:39)
    at beginWork$1 (http://localhost:5173/node_modules/.vite/deps/chunk-BCXODTBQ.js?v=1d06c898:19763:15)
    at performUnitOfWork (http://localhost:5173/node_modules/.vite/deps/chunk-BCXODTBQ.js?v=1d06c898:19196:20)
[  517349ms] Error: Objects are not valid as a React child (found: object with keys {label, target}). If you meant to render a collection of children, use an array instead.
    at throwOnInvalidObjectType (http://localhost:5173/node_modules/.vite/deps/chunk-BCXODTBQ.js?v=1d06c898:9932:17)
    at reconcileChildFibers2 (http://localhost:5173/node_modules/.vite/deps/chunk-BCXODTBQ.js?v=1d06c898:10562:15)
    at reconcileChildren (http://localhost:5173/node_modules/.vite/deps/chunk-BCXODTBQ.js?v=1d06c898:14288:37)
    at updateHostComponent (http://localhost:5173/node_modules/.vite/deps/chunk-BCXODTBQ.js?v=1d06c898:14805:11)
    at beginWork (http://localhost:5173/node_modules/.vite/deps/chunk-BCXODTBQ.js?v=1d06c898:15933:22)
    at HTMLUnknownElement.callCallback2 (http://localhost:5173/node_modules/.vite/deps/chunk-BCXODTBQ.js?v=1d06c898:3672:22)
    at Object.invokeGuardedCallbackDev (http://localhost:5173/node_modules/.vite/deps/chunk-BCXODTBQ.js?v=1d06c898:3697:24)
    at invokeGuardedCallback (http://localhost:5173/node_modules/.vite/deps/chunk-BCXODTBQ.js?v=1d06c898:3731:39)
    at beginWork$1 (http://localhost:5173/node_modules/.vite/deps/chunk-BCXODTBQ.js?v=1d06c898:19763:15)
    at performUnitOfWork (http://localhost:5173/node_modules/.vite/deps/chunk-BCXODTBQ.js?v=1d06c898:19196:20)
[  517350ms] Error: Objects are not valid as a React child (found: object with keys {label, target}). If you meant to render a collection of children, use an array instead.
    at throwOnInvalidObjectType (http://localhost:5173/node_modules/.vite/deps/chunk-BCXODTBQ.js?v=1d06c898:9932:17)
    at reconcileChildFibers2 (http://localhost:5173/node_modules/.vite/deps/chunk-BCXODTBQ.js?v=1d06c898:10562:15)
    at reconcileChildren (http://localhost:5173/node_modules/.vite/deps/chunk-BCXODTBQ.js?v=1d06c898:14288:37)
    at updateHostComponent (http://localhost:5173/node_modules/.vite/deps/chunk-BCXODTBQ.js?v=1d06c898:14805:11)
    at beginWork (http://localhost:5173/node_modules/.vite/deps/chunk-BCXODTBQ.js?v=1d06c898:15933:22)
    at HTMLUnknownElement.callCallback2 (http://localhost:5173/node_modules/.vite/deps/chunk-BCXODTBQ.js?v=1d06c898:3672:22)
    at Object.invokeGuardedCallbackDev (http://localhost:5173/node_modules/.vite/deps/chunk-BCXODTBQ.js?v=1d06c898:3697:24)
    at invokeGuardedCallback (http://localhost:5173/node_modules/.vite/deps/chunk-BCXODTBQ.js?v=1d06c898:3731:39)
    at beginWork$1 (http://localhost:5173/node_modules/.vite/deps/chunk-BCXODTBQ.js?v=1d06c898:19763:15)
    at performUnitOfWork (http://localhost:5173/node_modules/.vite/deps/chunk-BCXODTBQ.js?v=1d06c898:19196:20)
[  517350ms] Error: Objects are not valid as a React child (found: object with keys {label, target}). If you meant to render a collection of children, use an array instead.
    at throwOnInvalidObjectType (http://localhost:5173/node_modules/.vite/deps/chunk-BCXODTBQ.js?v=1d06c898:9932:17)
    at reconcileChildFibers2 (http://localhost:5173/node_modules/.vite/deps/chunk-BCXODTBQ.js?v=1d06c898:10562:15)
    at reconcileChildren (http://localhost:5173/node_modules/.vite/deps/chunk-BCXODTBQ.js?v=1d06c898:14288:37)
    at updateHostComponent (http://localhost:5173/node_modules/.vite/deps/chunk-BCXODTBQ.js?v=1d06c898:14805:11)
    at beginWork (http://localhost:5173/node_modules/.vite/deps/chunk-BCXODTBQ.js?v=1d06c898:15933:22)
    at HTMLUnknownElement.callCallback2 (http://localhost:5173/node_modules/.vite/deps/chunk-BCXODTBQ.js?v=1d06c898:3672:22)
    at Object.invokeGuardedCallbackDev (http://localhost:5173/node_modules/.vite/deps/chunk-BCXODTBQ.js?v=1d06c898:3697:24)
    at invokeGuardedCallback (http://localhost:5173/node_modules/.vite/deps/chunk-BCXODTBQ.js?v=1d06c898:3731:39)
    at beginWork$1 (http://localhost:5173/node_modules/.vite/deps/chunk-BCXODTBQ.js?v=1d06c898:19763:15)
    at performUnitOfWork (http://localhost:5173/node_modules/.vite/deps/chunk-BCXODTBQ.js?v=1d06c898:19196:20)
[  517372ms] [ERROR] The above error occurred in the <a> component:

    at a
    at nav
    at div
    at header
    at MotionComponent (http://localhost:5173/node_modules/.vite/deps/framer-motion.js?v=1d06c898:943:40)
    at Navbar (http://localhost:5173/src/sections/Navbar.jsx?t=1782449508584:59:27)
    at div
    at VideoModalProvider (http://localhost:5173/src/components/VideoModal.jsx:29:38)
    at MotionConfig (http://localhost:5173/node_modules/.vite/deps/framer-motion.js?v=1d06c898:677:25)
    at App

Consider adding an error boundary to your tree to customize error handling behavior.
Visit https://reactjs.org/link/error-boundaries to learn more about error boundaries. @ http://localhost:5173/node_modules/.vite/deps/chunk-BCXODTBQ.js?v=1d06c898:14029
[  517373ms] [ERROR] The above error occurred in the <a> component:

    at a
    at nav
    at div
    at header
    at MotionComponent (http://localhost:5173/node_modules/.vite/deps/framer-motion.js?v=1d06c898:943:40)
    at Navbar (http://localhost:5173/src/sections/Navbar.jsx?t=1782449508584:59:27)
    at div
    at VideoModalProvider (http://localhost:5173/src/components/VideoModal.jsx:29:38)
    at MotionConfig (http://localhost:5173/node_modules/.vite/deps/framer-motion.js?v=1d06c898:677:25)
    at App

Consider adding an error boundary to your tree to customize error handling behavior.
Visit https://reactjs.org/link/error-boundaries to learn more about error boundaries. @ http://localhost:5173/node_modules/.vite/deps/chunk-BCXODTBQ.js?v=1d06c898:14029
[  517373ms] [ERROR] The above error occurred in the <a> component:

    at a
    at nav
    at div
    at header
    at MotionComponent (http://localhost:5173/node_modules/.vite/deps/framer-motion.js?v=1d06c898:943:40)
    at Navbar (http://localhost:5173/src/sections/Navbar.jsx?t=1782449508584:59:27)
    at div
    at VideoModalProvider (http://localhost:5173/src/components/VideoModal.jsx:29:38)
    at MotionConfig (http://localhost:5173/node_modules/.vite/deps/framer-motion.js?v=1d06c898:677:25)
    at App

Consider adding an error boundary to your tree to customize error handling behavior.
Visit https://reactjs.org/link/error-boundaries to learn more about error boundaries. @ http://localhost:5173/node_modules/.vite/deps/chunk-BCXODTBQ.js?v=1d06c898:14029
[  517373ms] [ERROR] The above error occurred in the <a> component:

    at a
    at nav
    at div
    at header
    at MotionComponent (http://localhost:5173/node_modules/.vite/deps/framer-motion.js?v=1d06c898:943:40)
    at Navbar (http://localhost:5173/src/sections/Navbar.jsx?t=1782449508584:59:27)
    at div
    at VideoModalProvider (http://localhost:5173/src/components/VideoModal.jsx:29:38)
    at MotionConfig (http://localhost:5173/node_modules/.vite/deps/framer-motion.js?v=1d06c898:677:25)
    at App

Consider adding an error boundary to your tree to customize error handling behavior.
Visit https://reactjs.org/link/error-boundaries to learn more about error boundaries. @ http://localhost:5173/node_modules/.vite/deps/chunk-BCXODTBQ.js?v=1d06c898:14029
[  517373ms] [ERROR] The above error occurred in the <a> component:

    at a
    at nav
    at div
    at header
    at MotionComponent (http://localhost:5173/node_modules/.vite/deps/framer-motion.js?v=1d06c898:943:40)
    at Navbar (http://localhost:5173/src/sections/Navbar.jsx?t=1782449508584:59:27)
    at div
    at VideoModalProvider (http://localhost:5173/src/components/VideoModal.jsx:29:38)
    at MotionConfig (http://localhost:5173/node_modules/.vite/deps/framer-motion.js?v=1d06c898:677:25)
    at App

Consider adding an error boundary to your tree to customize error handling behavior.
Visit https://reactjs.org/link/error-boundaries to learn more about error boundaries. @ http://localhost:5173/node_modules/.vite/deps/chunk-BCXODTBQ.js?v=1d06c898:14029
[  517376ms] Error: Objects are not valid as a React child (found: object with keys {label, target}). If you meant to render a collection of children, use an array instead.
    at throwOnInvalidObjectType (http://localhost:5173/node_modules/.vite/deps/chunk-BCXODTBQ.js?v=1d06c898:9932:17)
    at reconcileChildFibers2 (http://localhost:5173/node_modules/.vite/deps/chunk-BCXODTBQ.js?v=1d06c898:10562:15)
    at reconcileChildren (http://localhost:5173/node_modules/.vite/deps/chunk-BCXODTBQ.js?v=1d06c898:14288:37)
    at updateHostComponent (http://localhost:5173/node_modules/.vite/deps/chunk-BCXODTBQ.js?v=1d06c898:14805:11)
    at beginWork (http://localhost:5173/node_modules/.vite/deps/chunk-BCXODTBQ.js?v=1d06c898:15933:22)
    at beginWork$1 (http://localhost:5173/node_modules/.vite/deps/chunk-BCXODTBQ.js?v=1d06c898:19751:22)
    at performUnitOfWork (http://localhost:5173/node_modules/.vite/deps/chunk-BCXODTBQ.js?v=1d06c898:19196:20)
    at workLoopSync (http://localhost:5173/node_modules/.vite/deps/chunk-BCXODTBQ.js?v=1d06c898:19135:13)
    at renderRootSync (http://localhost:5173/node_modules/.vite/deps/chunk-BCXODTBQ.js?v=1d06c898:19114:15)
    at recoverFromConcurrentError (http://localhost:5173/node_modules/.vite/deps/chunk-BCXODTBQ.js?v=1d06c898:18734:28)
[  524880ms] [ERROR] Warning: Encountered two children with the same key, `%s`. Keys should be unique so that components maintain their identity across updates. Non-unique keys may cause children to be duplicated and/or omitted — the behavior is unsupported and could change in a future version.%s [object Object] 
    at nav
    at div
    at header
    at MotionComponent (http://localhost:5173/node_modules/.vite/deps/framer-motion.js?v=1d06c898:943:40)
    at Navbar (http://localhost:5173/src/sections/Navbar.jsx?t=1782449508584:59:27)
    at div
    at VideoModalProvider (http://localhost:5173/src/components/VideoModal.jsx:29:38)
    at MotionConfig (http://localhost:5173/node_modules/.vite/deps/framer-motion.js?v=1d06c898:677:25)
    at App @ http://localhost:5173/node_modules/.vite/deps/chunk-BCXODTBQ.js?v=1d06c898:518
[  524880ms] [ERROR] Warning: Encountered two children with the same key, `%s`. Keys should be unique so that components maintain their identity across updates. Non-unique keys may cause children to be duplicated and/or omitted — the behavior is unsupported and could change in a future version.%s [object Object] 
    at nav
    at div
    at header
    at MotionComponent (http://localhost:5173/node_modules/.vite/deps/framer-motion.js?v=1d06c898:943:40)
    at Navbar (http://localhost:5173/src/sections/Navbar.jsx?t=1782449508584:59:27)
    at div
    at VideoModalProvider (http://localhost:5173/src/components/VideoModal.jsx:29:38)
    at MotionConfig (http://localhost:5173/node_modules/.vite/deps/framer-motion.js?v=1d06c898:677:25)
    at App @ http://localhost:5173/node_modules/.vite/deps/chunk-BCXODTBQ.js?v=1d06c898:518
[  524880ms] [ERROR] Warning: Encountered two children with the same key, `%s`. Keys should be unique so that components maintain their identity across updates. Non-unique keys may cause children to be duplicated and/or omitted — the behavior is unsupported and could change in a future version.%s [object Object] 
    at nav
    at div
    at header
    at MotionComponent (http://localhost:5173/node_modules/.vite/deps/framer-motion.js?v=1d06c898:943:40)
    at Navbar (http://localhost:5173/src/sections/Navbar.jsx?t=1782449508584:59:27)
    at div
    at VideoModalProvider (http://localhost:5173/src/components/VideoModal.jsx:29:38)
    at MotionConfig (http://localhost:5173/node_modules/.vite/deps/framer-motion.js?v=1d06c898:677:25)
    at App @ http://localhost:5173/node_modules/.vite/deps/chunk-BCXODTBQ.js?v=1d06c898:518
[  524880ms] [ERROR] Warning: Encountered two children with the same key, `%s`. Keys should be unique so that components maintain their identity across updates. Non-unique keys may cause children to be duplicated and/or omitted — the behavior is unsupported and could change in a future version.%s [object Object] 
    at nav
    at div
    at header
    at MotionComponent (http://localhost:5173/node_modules/.vite/deps/framer-motion.js?v=1d06c898:943:40)
    at Navbar (http://localhost:5173/src/sections/Navbar.jsx?t=1782449508584:59:27)
    at div
    at VideoModalProvider (http://localhost:5173/src/components/VideoModal.jsx:29:38)
    at MotionConfig (http://localhost:5173/node_modules/.vite/deps/framer-motion.js?v=1d06c898:677:25)
    at App @ http://localhost:5173/node_modules/.vite/deps/chunk-BCXODTBQ.js?v=1d06c898:518
[  524882ms] Error: Objects are not valid as a React child (found: object with keys {label, target}). If you meant to render a collection of children, use an array instead.
    at throwOnInvalidObjectType (http://localhost:5173/node_modules/.vite/deps/chunk-BCXODTBQ.js?v=1d06c898:9932:17)
    at reconcileChildFibers2 (http://localhost:5173/node_modules/.vite/deps/chunk-BCXODTBQ.js?v=1d06c898:10562:15)
    at reconcileChildren (http://localhost:5173/node_modules/.vite/deps/chunk-BCXODTBQ.js?v=1d06c898:14288:37)
    at updateHostComponent (http://localhost:5173/node_modules/.vite/deps/chunk-BCXODTBQ.js?v=1d06c898:14805:11)
    at beginWork (http://localhost:5173/node_modules/.vite/deps/chunk-BCXODTBQ.js?v=1d06c898:15933:22)
    at HTMLUnknownElement.callCallback2 (http://localhost:5173/node_modules/.vite/deps/chunk-BCXODTBQ.js?v=1d06c898:3672:22)
    at Object.invokeGuardedCallbackDev (http://localhost:5173/node_modules/.vite/deps/chunk-BCXODTBQ.js?v=1d06c898:3697:24)
    at invokeGuardedCallback (http://localhost:5173/node_modules/.vite/deps/chunk-BCXODTBQ.js?v=1d06c898:3731:39)
    at beginWork$1 (http://localhost:5173/node_modules/.vite/deps/chunk-BCXODTBQ.js?v=1d06c898:19763:15)
    at performUnitOfWork (http://localhost:5173/node_modules/.vite/deps/chunk-BCXODTBQ.js?v=1d06c898:19196:20)
[  524882ms] Error: Objects are not valid as a React child (found: object with keys {label, target}). If you meant to render a collection of children, use an array instead.
    at throwOnInvalidObjectType (http://localhost:5173/node_modules/.vite/deps/chunk-BCXODTBQ.js?v=1d06c898:9932:17)
    at reconcileChildFibers2 (http://localhost:5173/node_modules/.vite/deps/chunk-BCXODTBQ.js?v=1d06c898:10562:15)
    at reconcileChildren (http://localhost:5173/node_modules/.vite/deps/chunk-BCXODTBQ.js?v=1d06c898:14288:37)
    at updateHostComponent (http://localhost:5173/node_modules/.vite/deps/chunk-BCXODTBQ.js?v=1d06c898:14805:11)
    at beginWork (http://localhost:5173/node_modules/.vite/deps/chunk-BCXODTBQ.js?v=1d06c898:15933:22)
    at HTMLUnknownElement.callCallback2 (http://localhost:5173/node_modules/.vite/deps/chunk-BCXODTBQ.js?v=1d06c898:3672:22)
    at Object.invokeGuardedCallbackDev (http://localhost:5173/node_modules/.vite/deps/chunk-BCXODTBQ.js?v=1d06c898:3697:24)
    at invokeGuardedCallback (http://localhost:5173/node_modules/.vite/deps/chunk-BCXODTBQ.js?v=1d06c898:3731:39)
    at beginWork$1 (http://localhost:5173/node_modules/.vite/deps/chunk-BCXODTBQ.js?v=1d06c898:19763:15)
    at performUnitOfWork (http://localhost:5173/node_modules/.vite/deps/chunk-BCXODTBQ.js?v=1d06c898:19196:20)
[  524882ms] Error: Objects are not valid as a React child (found: object with keys {label, target}). If you meant to render a collection of children, use an array instead.
    at throwOnInvalidObjectType (http://localhost:5173/node_modules/.vite/deps/chunk-BCXODTBQ.js?v=1d06c898:9932:17)
    at reconcileChildFibers2 (http://localhost:5173/node_modules/.vite/deps/chunk-BCXODTBQ.js?v=1d06c898:10562:15)
    at reconcileChildren (http://localhost:5173/node_modules/.vite/deps/chunk-BCXODTBQ.js?v=1d06c898:14288:37)
    at updateHostComponent (http://localhost:5173/node_modules/.vite/deps/chunk-BCXODTBQ.js?v=1d06c898:14805:11)
    at beginWork (http://localhost:5173/node_modules/.vite/deps/chunk-BCXODTBQ.js?v=1d06c898:15933:22)
    at HTMLUnknownElement.callCallback2 (http://localhost:5173/node_modules/.vite/deps/chunk-BCXODTBQ.js?v=1d06c898:3672:22)
    at Object.invokeGuardedCallbackDev (http://localhost:5173/node_modules/.vite/deps/chunk-BCXODTBQ.js?v=1d06c898:3697:24)
    at invokeGuardedCallback (http://localhost:5173/node_modules/.vite/deps/chunk-BCXODTBQ.js?v=1d06c898:3731:39)
    at beginWork$1 (http://localhost:5173/node_modules/.vite/deps/chunk-BCXODTBQ.js?v=1d06c898:19763:15)
    at performUnitOfWork (http://localhost:5173/node_modules/.vite/deps/chunk-BCXODTBQ.js?v=1d06c898:19196:20)
[  524882ms] Error: Objects are not valid as a React child (found: object with keys {label, target}). If you meant to render a collection of children, use an array instead.
    at throwOnInvalidObjectType (http://localhost:5173/node_modules/.vite/deps/chunk-BCXODTBQ.js?v=1d06c898:9932:17)
    at reconcileChildFibers2 (http://localhost:5173/node_modules/.vite/deps/chunk-BCXODTBQ.js?v=1d06c898:10562:15)
    at reconcileChildren (http://localhost:5173/node_modules/.vite/deps/chunk-BCXODTBQ.js?v=1d06c898:14288:37)
    at updateHostComponent (http://localhost:5173/node_modules/.vite/deps/chunk-BCXODTBQ.js?v=1d06c898:14805:11)
    at beginWork (http://localhost:5173/node_modules/.vite/deps/chunk-BCXODTBQ.js?v=1d06c898:15933:22)
    at HTMLUnknownElement.callCallback2 (http://localhost:5173/node_modules/.vite/deps/chunk-BCXODTBQ.js?v=1d06c898:3672:22)
    at Object.invokeGuardedCallbackDev (http://localhost:5173/node_modules/.vite/deps/chunk-BCXODTBQ.js?v=1d06c898:3697:24)
    at invokeGuardedCallback (http://localhost:5173/node_modules/.vite/deps/chunk-BCXODTBQ.js?v=1d06c898:3731:39)
    at beginWork$1 (http://localhost:5173/node_modules/.vite/deps/chunk-BCXODTBQ.js?v=1d06c898:19763:15)
    at performUnitOfWork (http://localhost:5173/node_modules/.vite/deps/chunk-BCXODTBQ.js?v=1d06c898:19196:20)
[  524883ms] Error: Objects are not valid as a React child (found: object with keys {label, target}). If you meant to render a collection of children, use an array instead.
    at throwOnInvalidObjectType (http://localhost:5173/node_modules/.vite/deps/chunk-BCXODTBQ.js?v=1d06c898:9932:17)
    at reconcileChildFibers2 (http://localhost:5173/node_modules/.vite/deps/chunk-BCXODTBQ.js?v=1d06c898:10562:15)
    at reconcileChildren (http://localhost:5173/node_modules/.vite/deps/chunk-BCXODTBQ.js?v=1d06c898:14288:37)
    at updateHostComponent (http://localhost:5173/node_modules/.vite/deps/chunk-BCXODTBQ.js?v=1d06c898:14805:11)
    at beginWork (http://localhost:5173/node_modules/.vite/deps/chunk-BCXODTBQ.js?v=1d06c898:15933:22)
    at HTMLUnknownElement.callCallback2 (http://localhost:5173/node_modules/.vite/deps/chunk-BCXODTBQ.js?v=1d06c898:3672:22)
    at Object.invokeGuardedCallbackDev (http://localhost:5173/node_modules/.vite/deps/chunk-BCXODTBQ.js?v=1d06c898:3697:24)
    at invokeGuardedCallback (http://localhost:5173/node_modules/.vite/deps/chunk-BCXODTBQ.js?v=1d06c898:3731:39)
    at beginWork$1 (http://localhost:5173/node_modules/.vite/deps/chunk-BCXODTBQ.js?v=1d06c898:19763:15)
    at performUnitOfWork (http://localhost:5173/node_modules/.vite/deps/chunk-BCXODTBQ.js?v=1d06c898:19196:20)
[  524905ms] [ERROR] Warning: Encountered two children with the same key, `%s`. Keys should be unique so that components maintain their identity across updates. Non-unique keys may cause children to be duplicated and/or omitted — the behavior is unsupported and could change in a future version.%s [object Object] 
    at nav
    at div
    at header
    at MotionComponent (http://localhost:5173/node_modules/.vite/deps/framer-motion.js?v=1d06c898:943:40)
    at Navbar (http://localhost:5173/src/sections/Navbar.jsx?t=1782449508584:59:27)
    at div
    at VideoModalProvider (http://localhost:5173/src/components/VideoModal.jsx:29:38)
    at MotionConfig (http://localhost:5173/node_modules/.vite/deps/framer-motion.js?v=1d06c898:677:25)
    at App @ http://localhost:5173/node_modules/.vite/deps/chunk-BCXODTBQ.js?v=1d06c898:518
[  524905ms] [ERROR] Warning: Encountered two children with the same key, `%s`. Keys should be unique so that components maintain their identity across updates. Non-unique keys may cause children to be duplicated and/or omitted — the behavior is unsupported and could change in a future version.%s [object Object] 
    at nav
    at div
    at header
    at MotionComponent (http://localhost:5173/node_modules/.vite/deps/framer-motion.js?v=1d06c898:943:40)
    at Navbar (http://localhost:5173/src/sections/Navbar.jsx?t=1782449508584:59:27)
    at div
    at VideoModalProvider (http://localhost:5173/src/components/VideoModal.jsx:29:38)
    at MotionConfig (http://localhost:5173/node_modules/.vite/deps/framer-motion.js?v=1d06c898:677:25)
    at App @ http://localhost:5173/node_modules/.vite/deps/chunk-BCXODTBQ.js?v=1d06c898:518
[  524906ms] [ERROR] Warning: Encountered two children with the same key, `%s`. Keys should be unique so that components maintain their identity across updates. Non-unique keys may cause children to be duplicated and/or omitted — the behavior is unsupported and could change in a future version.%s [object Object] 
    at nav
    at div
    at header
    at MotionComponent (http://localhost:5173/node_modules/.vite/deps/framer-motion.js?v=1d06c898:943:40)
    at Navbar (http://localhost:5173/src/sections/Navbar.jsx?t=1782449508584:59:27)
    at div
    at VideoModalProvider (http://localhost:5173/src/components/VideoModal.jsx:29:38)
    at MotionConfig (http://localhost:5173/node_modules/.vite/deps/framer-motion.js?v=1d06c898:677:25)
    at App @ http://localhost:5173/node_modules/.vite/deps/chunk-BCXODTBQ.js?v=1d06c898:518
[  524906ms] [ERROR] Warning: Encountered two children with the same key, `%s`. Keys should be unique so that components maintain their identity across updates. Non-unique keys may cause children to be duplicated and/or omitted — the behavior is unsupported and could change in a future version.%s [object Object] 
    at nav
    at div
    at header
    at MotionComponent (http://localhost:5173/node_modules/.vite/deps/framer-motion.js?v=1d06c898:943:40)
    at Navbar (http://localhost:5173/src/sections/Navbar.jsx?t=1782449508584:59:27)
    at div
    at VideoModalProvider (http://localhost:5173/src/components/VideoModal.jsx:29:38)
    at MotionConfig (http://localhost:5173/node_modules/.vite/deps/framer-motion.js?v=1d06c898:677:25)
    at App @ http://localhost:5173/node_modules/.vite/deps/chunk-BCXODTBQ.js?v=1d06c898:518
[  524908ms] Error: Objects are not valid as a React child (found: object with keys {label, target}). If you meant to render a collection of children, use an array instead.
    at throwOnInvalidObjectType (http://localhost:5173/node_modules/.vite/deps/chunk-BCXODTBQ.js?v=1d06c898:9932:17)
    at reconcileChildFibers2 (http://localhost:5173/node_modules/.vite/deps/chunk-BCXODTBQ.js?v=1d06c898:10562:15)
    at reconcileChildren (http://localhost:5173/node_modules/.vite/deps/chunk-BCXODTBQ.js?v=1d06c898:14288:37)
    at updateHostComponent (http://localhost:5173/node_modules/.vite/deps/chunk-BCXODTBQ.js?v=1d06c898:14805:11)
    at beginWork (http://localhost:5173/node_modules/.vite/deps/chunk-BCXODTBQ.js?v=1d06c898:15933:22)
    at HTMLUnknownElement.callCallback2 (http://localhost:5173/node_modules/.vite/deps/chunk-BCXODTBQ.js?v=1d06c898:3672:22)
    at Object.invokeGuardedCallbackDev (http://localhost:5173/node_modules/.vite/deps/chunk-BCXODTBQ.js?v=1d06c898:3697:24)
    at invokeGuardedCallback (http://localhost:5173/node_modules/.vite/deps/chunk-BCXODTBQ.js?v=1d06c898:3731:39)
    at beginWork$1 (http://localhost:5173/node_modules/.vite/deps/chunk-BCXODTBQ.js?v=1d06c898:19763:15)
    at performUnitOfWork (http://localhost:5173/node_modules/.vite/deps/chunk-BCXODTBQ.js?v=1d06c898:19196:20)
[  524908ms] Error: Objects are not valid as a React child (found: object with keys {label, target}). If you meant to render a collection of children, use an array instead.
    at throwOnInvalidObjectType (http://localhost:5173/node_modules/.vite/deps/chunk-BCXODTBQ.js?v=1d06c898:9932:17)
    at reconcileChildFibers2 (http://localhost:5173/node_modules/.vite/deps/chunk-BCXODTBQ.js?v=1d06c898:10562:15)
    at reconcileChildren (http://localhost:5173/node_modules/.vite/deps/chunk-BCXODTBQ.js?v=1d06c898:14288:37)
    at updateHostComponent (http://localhost:5173/node_modules/.vite/deps/chunk-BCXODTBQ.js?v=1d06c898:14805:11)
    at beginWork (http://localhost:5173/node_modules/.vite/deps/chunk-BCXODTBQ.js?v=1d06c898:15933:22)
    at HTMLUnknownElement.callCallback2 (http://localhost:5173/node_modules/.vite/deps/chunk-BCXODTBQ.js?v=1d06c898:3672:22)
    at Object.invokeGuardedCallbackDev (http://localhost:5173/node_modules/.vite/deps/chunk-BCXODTBQ.js?v=1d06c898:3697:24)
    at invokeGuardedCallback (http://localhost:5173/node_modules/.vite/deps/chunk-BCXODTBQ.js?v=1d06c898:3731:39)
    at beginWork$1 (http://localhost:5173/node_modules/.vite/deps/chunk-BCXODTBQ.js?v=1d06c898:19763:15)
    at performUnitOfWork (http://localhost:5173/node_modules/.vite/deps/chunk-BCXODTBQ.js?v=1d06c898:19196:20)
[  524908ms] Error: Objects are not valid as a React child (found: object with keys {label, target}). If you meant to render a collection of children, use an array instead.
    at throwOnInvalidObjectType (http://localhost:5173/node_modules/.vite/deps/chunk-BCXODTBQ.js?v=1d06c898:9932:17)
    at reconcileChildFibers2 (http://localhost:5173/node_modules/.vite/deps/chunk-BCXODTBQ.js?v=1d06c898:10562:15)
    at reconcileChildren (http://localhost:5173/node_modules/.vite/deps/chunk-BCXODTBQ.js?v=1d06c898:14288:37)
    at updateHostComponent (http://localhost:5173/node_modules/.vite/deps/chunk-BCXODTBQ.js?v=1d06c898:14805:11)
    at beginWork (http://localhost:5173/node_modules/.vite/deps/chunk-BCXODTBQ.js?v=1d06c898:15933:22)
    at HTMLUnknownElement.callCallback2 (http://localhost:5173/node_modules/.vite/deps/chunk-BCXODTBQ.js?v=1d06c898:3672:22)
    at Object.invokeGuardedCallbackDev (http://localhost:5173/node_modules/.vite/deps/chunk-BCXODTBQ.js?v=1d06c898:3697:24)
    at invokeGuardedCallback (http://localhost:5173/node_modules/.vite/deps/chunk-BCXODTBQ.js?v=1d06c898:3731:39)
    at beginWork$1 (http://localhost:5173/node_modules/.vite/deps/chunk-BCXODTBQ.js?v=1d06c898:19763:15)
    at performUnitOfWork (http://localhost:5173/node_modules/.vite/deps/chunk-BCXODTBQ.js?v=1d06c898:19196:20)
[  524908ms] Error: Objects are not valid as a React child (found: object with keys {label, target}). If you meant to render a collection of children, use an array instead.
    at throwOnInvalidObjectType (http://localhost:5173/node_modules/.vite/deps/chunk-BCXODTBQ.js?v=1d06c898:9932:17)
    at reconcileChildFibers2 (http://localhost:5173/node_modules/.vite/deps/chunk-BCXODTBQ.js?v=1d06c898:10562:15)
    at reconcileChildren (http://localhost:5173/node_modules/.vite/deps/chunk-BCXODTBQ.js?v=1d06c898:14288:37)
    at updateHostComponent (http://localhost:5173/node_modules/.vite/deps/chunk-BCXODTBQ.js?v=1d06c898:14805:11)
    at beginWork (http://localhost:5173/node_modules/.vite/deps/chunk-BCXODTBQ.js?v=1d06c898:15933:22)
    at HTMLUnknownElement.callCallback2 (http://localhost:5173/node_modules/.vite/deps/chunk-BCXODTBQ.js?v=1d06c898:3672:22)
    at Object.invokeGuardedCallbackDev (http://localhost:5173/node_modules/.vite/deps/chunk-BCXODTBQ.js?v=1d06c898:3697:24)
    at invokeGuardedCallback (http://localhost:5173/node_modules/.vite/deps/chunk-BCXODTBQ.js?v=1d06c898:3731:39)
    at beginWork$1 (http://localhost:5173/node_modules/.vite/deps/chunk-BCXODTBQ.js?v=1d06c898:19763:15)
    at performUnitOfWork (http://localhost:5173/node_modules/.vite/deps/chunk-BCXODTBQ.js?v=1d06c898:19196:20)
[  524909ms] Error: Objects are not valid as a React child (found: object with keys {label, target}). If you meant to render a collection of children, use an array instead.
    at throwOnInvalidObjectType (http://localhost:5173/node_modules/.vite/deps/chunk-BCXODTBQ.js?v=1d06c898:9932:17)
    at reconcileChildFibers2 (http://localhost:5173/node_modules/.vite/deps/chunk-BCXODTBQ.js?v=1d06c898:10562:15)
    at reconcileChildren (http://localhost:5173/node_modules/.vite/deps/chunk-BCXODTBQ.js?v=1d06c898:14288:37)
    at updateHostComponent (http://localhost:5173/node_modules/.vite/deps/chunk-BCXODTBQ.js?v=1d06c898:14805:11)
    at beginWork (http://localhost:5173/node_modules/.vite/deps/chunk-BCXODTBQ.js?v=1d06c898:15933:22)
    at HTMLUnknownElement.callCallback2 (http://localhost:5173/node_modules/.vite/deps/chunk-BCXODTBQ.js?v=1d06c898:3672:22)
    at Object.invokeGuardedCallbackDev (http://localhost:5173/node_modules/.vite/deps/chunk-BCXODTBQ.js?v=1d06c898:3697:24)
    at invokeGuardedCallback (http://localhost:5173/node_modules/.vite/deps/chunk-BCXODTBQ.js?v=1d06c898:3731:39)
    at beginWork$1 (http://localhost:5173/node_modules/.vite/deps/chunk-BCXODTBQ.js?v=1d06c898:19763:15)
    at performUnitOfWork (http://localhost:5173/node_modules/.vite/deps/chunk-BCXODTBQ.js?v=1d06c898:19196:20)
[  524933ms] [ERROR] The above error occurred in the <a> component:

    at a
    at nav
    at div
    at header
    at MotionComponent (http://localhost:5173/node_modules/.vite/deps/framer-motion.js?v=1d06c898:943:40)
    at Navbar (http://localhost:5173/src/sections/Navbar.jsx?t=1782449508584:59:27)
    at div
    at VideoModalProvider (http://localhost:5173/src/components/VideoModal.jsx:29:38)
    at MotionConfig (http://localhost:5173/node_modules/.vite/deps/framer-motion.js?v=1d06c898:677:25)
    at App

Consider adding an error boundary to your tree to customize error handling behavior.
Visit https://reactjs.org/link/error-boundaries to learn more about error boundaries. @ http://localhost:5173/node_modules/.vite/deps/chunk-BCXODTBQ.js?v=1d06c898:14029
[  524933ms] [ERROR] The above error occurred in the <a> component:

    at a
    at nav
    at div
    at header
    at MotionComponent (http://localhost:5173/node_modules/.vite/deps/framer-motion.js?v=1d06c898:943:40)
    at Navbar (http://localhost:5173/src/sections/Navbar.jsx?t=1782449508584:59:27)
    at div
    at VideoModalProvider (http://localhost:5173/src/components/VideoModal.jsx:29:38)
    at MotionConfig (http://localhost:5173/node_modules/.vite/deps/framer-motion.js?v=1d06c898:677:25)
    at App

Consider adding an error boundary to your tree to customize error handling behavior.
Visit https://reactjs.org/link/error-boundaries to learn more about error boundaries. @ http://localhost:5173/node_modules/.vite/deps/chunk-BCXODTBQ.js?v=1d06c898:14029
[  524933ms] [ERROR] The above error occurred in the <a> component:

    at a
    at nav
    at div
    at header
    at MotionComponent (http://localhost:5173/node_modules/.vite/deps/framer-motion.js?v=1d06c898:943:40)
    at Navbar (http://localhost:5173/src/sections/Navbar.jsx?t=1782449508584:59:27)
    at div
    at VideoModalProvider (http://localhost:5173/src/components/VideoModal.jsx:29:38)
    at MotionConfig (http://localhost:5173/node_modules/.vite/deps/framer-motion.js?v=1d06c898:677:25)
    at App

Consider adding an error boundary to your tree to customize error handling behavior.
Visit https://reactjs.org/link/error-boundaries to learn more about error boundaries. @ http://localhost:5173/node_modules/.vite/deps/chunk-BCXODTBQ.js?v=1d06c898:14029
[  524934ms] [ERROR] The above error occurred in the <a> component:

    at a
    at nav
    at div
    at header
    at MotionComponent (http://localhost:5173/node_modules/.vite/deps/framer-motion.js?v=1d06c898:943:40)
    at Navbar (http://localhost:5173/src/sections/Navbar.jsx?t=1782449508584:59:27)
    at div
    at VideoModalProvider (http://localhost:5173/src/components/VideoModal.jsx:29:38)
    at MotionConfig (http://localhost:5173/node_modules/.vite/deps/framer-motion.js?v=1d06c898:677:25)
    at App

Consider adding an error boundary to your tree to customize error handling behavior.
Visit https://reactjs.org/link/error-boundaries to learn more about error boundaries. @ http://localhost:5173/node_modules/.vite/deps/chunk-BCXODTBQ.js?v=1d06c898:14029
[  524934ms] [ERROR] The above error occurred in the <a> component:

    at a
    at nav
    at div
    at header
    at MotionComponent (http://localhost:5173/node_modules/.vite/deps/framer-motion.js?v=1d06c898:943:40)
    at Navbar (http://localhost:5173/src/sections/Navbar.jsx?t=1782449508584:59:27)
    at div
    at VideoModalProvider (http://localhost:5173/src/components/VideoModal.jsx:29:38)
    at MotionConfig (http://localhost:5173/node_modules/.vite/deps/framer-motion.js?v=1d06c898:677:25)
    at App

Consider adding an error boundary to your tree to customize error handling behavior.
Visit https://reactjs.org/link/error-boundaries to learn more about error boundaries. @ http://localhost:5173/node_modules/.vite/deps/chunk-BCXODTBQ.js?v=1d06c898:14029
[  524939ms] Error: Objects are not valid as a React child (found: object with keys {label, target}). If you meant to render a collection of children, use an array instead.
    at throwOnInvalidObjectType (http://localhost:5173/node_modules/.vite/deps/chunk-BCXODTBQ.js?v=1d06c898:9932:17)
    at reconcileChildFibers2 (http://localhost:5173/node_modules/.vite/deps/chunk-BCXODTBQ.js?v=1d06c898:10562:15)
    at reconcileChildren (http://localhost:5173/node_modules/.vite/deps/chunk-BCXODTBQ.js?v=1d06c898:14288:37)
    at updateHostComponent (http://localhost:5173/node_modules/.vite/deps/chunk-BCXODTBQ.js?v=1d06c898:14805:11)
    at beginWork (http://localhost:5173/node_modules/.vite/deps/chunk-BCXODTBQ.js?v=1d06c898:15933:22)
    at beginWork$1 (http://localhost:5173/node_modules/.vite/deps/chunk-BCXODTBQ.js?v=1d06c898:19751:22)
    at performUnitOfWork (http://localhost:5173/node_modules/.vite/deps/chunk-BCXODTBQ.js?v=1d06c898:19196:20)
    at workLoopSync (http://localhost:5173/node_modules/.vite/deps/chunk-BCXODTBQ.js?v=1d06c898:19135:13)
    at renderRootSync (http://localhost:5173/node_modules/.vite/deps/chunk-BCXODTBQ.js?v=1d06c898:19114:15)
    at recoverFromConcurrentError (http://localhost:5173/node_modules/.vite/deps/chunk-BCXODTBQ.js?v=1d06c898:18734:28)
[  536620ms] [ERROR] Warning: Encountered two children with the same key, `%s`. Keys should be unique so that components maintain their identity across updates. Non-unique keys may cause children to be duplicated and/or omitted — the behavior is unsupported and could change in a future version.%s [object Object] 
    at nav
    at div
    at header
    at MotionComponent (http://localhost:5173/node_modules/.vite/deps/framer-motion.js?v=1d06c898:943:40)
    at Navbar (http://localhost:5173/src/sections/Navbar.jsx?t=1782449508584:59:27)
    at div
    at VideoModalProvider (http://localhost:5173/src/components/VideoModal.jsx:29:38)
    at MotionConfig (http://localhost:5173/node_modules/.vite/deps/framer-motion.js?v=1d06c898:677:25)
    at App @ http://localhost:5173/node_modules/.vite/deps/chunk-BCXODTBQ.js?v=1d06c898:518
[  536620ms] [ERROR] Warning: Encountered two children with the same key, `%s`. Keys should be unique so that components maintain their identity across updates. Non-unique keys may cause children to be duplicated and/or omitted — the behavior is unsupported and could change in a future version.%s [object Object] 
    at nav
    at div
    at header
    at MotionComponent (http://localhost:5173/node_modules/.vite/deps/framer-motion.js?v=1d06c898:943:40)
    at Navbar (http://localhost:5173/src/sections/Navbar.jsx?t=1782449508584:59:27)
    at div
    at VideoModalProvider (http://localhost:5173/src/components/VideoModal.jsx:29:38)
    at MotionConfig (http://localhost:5173/node_modules/.vite/deps/framer-motion.js?v=1d06c898:677:25)
    at App @ http://localhost:5173/node_modules/.vite/deps/chunk-BCXODTBQ.js?v=1d06c898:518
[  536621ms] [ERROR] Warning: Encountered two children with the same key, `%s`. Keys should be unique so that components maintain their identity across updates. Non-unique keys may cause children to be duplicated and/or omitted — the behavior is unsupported and could change in a future version.%s [object Object] 
    at nav
    at div
    at header
    at MotionComponent (http://localhost:5173/node_modules/.vite/deps/framer-motion.js?v=1d06c898:943:40)
    at Navbar (http://localhost:5173/src/sections/Navbar.jsx?t=1782449508584:59:27)
    at div
    at VideoModalProvider (http://localhost:5173/src/components/VideoModal.jsx:29:38)
    at MotionConfig (http://localhost:5173/node_modules/.vite/deps/framer-motion.js?v=1d06c898:677:25)
    at App @ http://localhost:5173/node_modules/.vite/deps/chunk-BCXODTBQ.js?v=1d06c898:518
[  536621ms] [ERROR] Warning: Encountered two children with the same key, `%s`. Keys should be unique so that components maintain their identity across updates. Non-unique keys may cause children to be duplicated and/or omitted — the behavior is unsupported and could change in a future version.%s [object Object] 
    at nav
    at div
    at header
    at MotionComponent (http://localhost:5173/node_modules/.vite/deps/framer-motion.js?v=1d06c898:943:40)
    at Navbar (http://localhost:5173/src/sections/Navbar.jsx?t=1782449508584:59:27)
    at div
    at VideoModalProvider (http://localhost:5173/src/components/VideoModal.jsx:29:38)
    at MotionConfig (http://localhost:5173/node_modules/.vite/deps/framer-motion.js?v=1d06c898:677:25)
    at App @ http://localhost:5173/node_modules/.vite/deps/chunk-BCXODTBQ.js?v=1d06c898:518
[  536679ms] Error: Objects are not valid as a React child (found: object with keys {label, target}). If you meant to render a collection of children, use an array instead.
    at throwOnInvalidObjectType (http://localhost:5173/node_modules/.vite/deps/chunk-BCXODTBQ.js?v=1d06c898:9932:17)
    at reconcileChildFibers2 (http://localhost:5173/node_modules/.vite/deps/chunk-BCXODTBQ.js?v=1d06c898:10562:15)
    at reconcileChildren (http://localhost:5173/node_modules/.vite/deps/chunk-BCXODTBQ.js?v=1d06c898:14288:37)
    at updateHostComponent (http://localhost:5173/node_modules/.vite/deps/chunk-BCXODTBQ.js?v=1d06c898:14805:11)
    at beginWork (http://localhost:5173/node_modules/.vite/deps/chunk-BCXODTBQ.js?v=1d06c898:15933:22)
    at HTMLUnknownElement.callCallback2 (http://localhost:5173/node_modules/.vite/deps/chunk-BCXODTBQ.js?v=1d06c898:3672:22)
    at Object.invokeGuardedCallbackDev (http://localhost:5173/node_modules/.vite/deps/chunk-BCXODTBQ.js?v=1d06c898:3697:24)
    at invokeGuardedCallback (http://localhost:5173/node_modules/.vite/deps/chunk-BCXODTBQ.js?v=1d06c898:3731:39)
    at beginWork$1 (http://localhost:5173/node_modules/.vite/deps/chunk-BCXODTBQ.js?v=1d06c898:19763:15)
    at performUnitOfWork (http://localhost:5173/node_modules/.vite/deps/chunk-BCXODTBQ.js?v=1d06c898:19196:20)
[  536700ms] Error: Objects are not valid as a React child (found: object with keys {label, target}). If you meant to render a collection of children, use an array instead.
    at throwOnInvalidObjectType (http://localhost:5173/node_modules/.vite/deps/chunk-BCXODTBQ.js?v=1d06c898:9932:17)
    at reconcileChildFibers2 (http://localhost:5173/node_modules/.vite/deps/chunk-BCXODTBQ.js?v=1d06c898:10562:15)
    at reconcileChildren (http://localhost:5173/node_modules/.vite/deps/chunk-BCXODTBQ.js?v=1d06c898:14288:37)
    at updateHostComponent (http://localhost:5173/node_modules/.vite/deps/chunk-BCXODTBQ.js?v=1d06c898:14805:11)
    at beginWork (http://localhost:5173/node_modules/.vite/deps/chunk-BCXODTBQ.js?v=1d06c898:15933:22)
    at HTMLUnknownElement.callCallback2 (http://localhost:5173/node_modules/.vite/deps/chunk-BCXODTBQ.js?v=1d06c898:3672:22)
    at Object.invokeGuardedCallbackDev (http://localhost:5173/node_modules/.vite/deps/chunk-BCXODTBQ.js?v=1d06c898:3697:24)
    at invokeGuardedCallback (http://localhost:5173/node_modules/.vite/deps/chunk-BCXODTBQ.js?v=1d06c898:3731:39)
    at beginWork$1 (http://localhost:5173/node_modules/.vite/deps/chunk-BCXODTBQ.js?v=1d06c898:19763:15)
    at performUnitOfWork (http://localhost:5173/node_modules/.vite/deps/chunk-BCXODTBQ.js?v=1d06c898:19196:20)
[  536702ms] Error: Objects are not valid as a React child (found: object with keys {label, target}). If you meant to render a collection of children, use an array instead.
    at throwOnInvalidObjectType (http://localhost:5173/node_modules/.vite/deps/chunk-BCXODTBQ.js?v=1d06c898:9932:17)
    at reconcileChildFibers2 (http://localhost:5173/node_modules/.vite/deps/chunk-BCXODTBQ.js?v=1d06c898:10562:15)
    at reconcileChildren (http://localhost:5173/node_modules/.vite/deps/chunk-BCXODTBQ.js?v=1d06c898:14288:37)
    at updateHostComponent (http://localhost:5173/node_modules/.vite/deps/chunk-BCXODTBQ.js?v=1d06c898:14805:11)
    at beginWork (http://localhost:5173/node_modules/.vite/deps/chunk-BCXODTBQ.js?v=1d06c898:15933:22)
    at HTMLUnknownElement.callCallback2 (http://localhost:5173/node_modules/.vite/deps/chunk-BCXODTBQ.js?v=1d06c898:3672:22)
    at Object.invokeGuardedCallbackDev (http://localhost:5173/node_modules/.vite/deps/chunk-BCXODTBQ.js?v=1d06c898:3697:24)
    at invokeGuardedCallback (http://localhost:5173/node_modules/.vite/deps/chunk-BCXODTBQ.js?v=1d06c898:3731:39)
    at beginWork$1 (http://localhost:5173/node_modules/.vite/deps/chunk-BCXODTBQ.js?v=1d06c898:19763:15)
    at performUnitOfWork (http://localhost:5173/node_modules/.vite/deps/chunk-BCXODTBQ.js?v=1d06c898:19196:20)
[  536702ms] Error: Objects are not valid as a React child (found: object with keys {label, target}). If you meant to render a collection of children, use an array instead.
    at throwOnInvalidObjectType (http://localhost:5173/node_modules/.vite/deps/chunk-BCXODTBQ.js?v=1d06c898:9932:17)
    at reconcileChildFibers2 (http://localhost:5173/node_modules/.vite/deps/chunk-BCXODTBQ.js?v=1d06c898:10562:15)
    at reconcileChildren (http://localhost:5173/node_modules/.vite/deps/chunk-BCXODTBQ.js?v=1d06c898:14288:37)
    at updateHostComponent (http://localhost:5173/node_modules/.vite/deps/chunk-BCXODTBQ.js?v=1d06c898:14805:11)
    at beginWork (http://localhost:5173/node_modules/.vite/deps/chunk-BCXODTBQ.js?v=1d06c898:15933:22)
    at HTMLUnknownElement.callCallback2 (http://localhost:5173/node_modules/.vite/deps/chunk-BCXODTBQ.js?v=1d06c898:3672:22)
    at Object.invokeGuardedCallbackDev (http://localhost:5173/node_modules/.vite/deps/chunk-BCXODTBQ.js?v=1d06c898:3697:24)
    at invokeGuardedCallback (http://localhost:5173/node_modules/.vite/deps/chunk-BCXODTBQ.js?v=1d06c898:3731:39)
    at beginWork$1 (http://localhost:5173/node_modules/.vite/deps/chunk-BCXODTBQ.js?v=1d06c898:19763:15)
    at performUnitOfWork (http://localhost:5173/node_modules/.vite/deps/chunk-BCXODTBQ.js?v=1d06c898:19196:20)
[  536703ms] Error: Objects are not valid as a React child (found: object with keys {label, target}). If you meant to render a collection of children, use an array instead.
    at throwOnInvalidObjectType (http://localhost:5173/node_modules/.vite/deps/chunk-BCXODTBQ.js?v=1d06c898:9932:17)
    at reconcileChildFibers2 (http://localhost:5173/node_modules/.vite/deps/chunk-BCXODTBQ.js?v=1d06c898:10562:15)
    at reconcileChildren (http://localhost:5173/node_modules/.vite/deps/chunk-BCXODTBQ.js?v=1d06c898:14288:37)
    at updateHostComponent (http://localhost:5173/node_modules/.vite/deps/chunk-BCXODTBQ.js?v=1d06c898:14805:11)
    at beginWork (http://localhost:5173/node_modules/.vite/deps/chunk-BCXODTBQ.js?v=1d06c898:15933:22)
    at HTMLUnknownElement.callCallback2 (http://localhost:5173/node_modules/.vite/deps/chunk-BCXODTBQ.js?v=1d06c898:3672:22)
    at Object.invokeGuardedCallbackDev (http://localhost:5173/node_modules/.vite/deps/chunk-BCXODTBQ.js?v=1d06c898:3697:24)
    at invokeGuardedCallback (http://localhost:5173/node_modules/.vite/deps/chunk-BCXODTBQ.js?v=1d06c898:3731:39)
    at beginWork$1 (http://localhost:5173/node_modules/.vite/deps/chunk-BCXODTBQ.js?v=1d06c898:19763:15)
    at performUnitOfWork (http://localhost:5173/node_modules/.vite/deps/chunk-BCXODTBQ.js?v=1d06c898:19196:20)
[  536656ms] [ERROR] Warning: Encountered two children with the same key, `%s`. Keys should be unique so that components maintain their identity across updates. Non-unique keys may cause children to be duplicated and/or omitted — the behavior is unsupported and could change in a future version.%s [object Object] 
    at nav
    at div
    at header
    at MotionComponent (http://localhost:5173/node_modules/.vite/deps/framer-motion.js?v=1d06c898:943:40)
    at Navbar (http://localhost:5173/src/sections/Navbar.jsx?t=1782449508584:59:27)
    at div
    at VideoModalProvider (http://localhost:5173/src/components/VideoModal.jsx:29:38)
    at MotionConfig (http://localhost:5173/node_modules/.vite/deps/framer-motion.js?v=1d06c898:677:25)
    at App @ http://localhost:5173/node_modules/.vite/deps/chunk-BCXODTBQ.js?v=1d06c898:518
[  536657ms] [ERROR] Warning: Encountered two children with the same key, `%s`. Keys should be unique so that components maintain their identity across updates. Non-unique keys may cause children to be duplicated and/or omitted — the behavior is unsupported and could change in a future version.%s [object Object] 
    at nav
    at div
    at header
    at MotionComponent (http://localhost:5173/node_modules/.vite/deps/framer-motion.js?v=1d06c898:943:40)
    at Navbar (http://localhost:5173/src/sections/Navbar.jsx?t=1782449508584:59:27)
    at div
    at VideoModalProvider (http://localhost:5173/src/components/VideoModal.jsx:29:38)
    at MotionConfig (http://localhost:5173/node_modules/.vite/deps/framer-motion.js?v=1d06c898:677:25)
    at App @ http://localhost:5173/node_modules/.vite/deps/chunk-BCXODTBQ.js?v=1d06c898:518
[  536657ms] [ERROR] Warning: Encountered two children with the same key, `%s`. Keys should be unique so that components maintain their identity across updates. Non-unique keys may cause children to be duplicated and/or omitted — the behavior is unsupported and could change in a future version.%s [object Object] 
    at nav
    at div
    at header
    at MotionComponent (http://localhost:5173/node_modules/.vite/deps/framer-motion.js?v=1d06c898:943:40)
    at Navbar (http://localhost:5173/src/sections/Navbar.jsx?t=1782449508584:59:27)
    at div
    at VideoModalProvider (http://localhost:5173/src/components/VideoModal.jsx:29:38)
    at MotionConfig (http://localhost:5173/node_modules/.vite/deps/framer-motion.js?v=1d06c898:677:25)
    at App @ http://localhost:5173/node_modules/.vite/deps/chunk-BCXODTBQ.js?v=1d06c898:518
[  536657ms] [ERROR] Warning: Encountered two children with the same key, `%s`. Keys should be unique so that components maintain their identity across updates. Non-unique keys may cause children to be duplicated and/or omitted — the behavior is unsupported and could change in a future version.%s [object Object] 
    at nav
    at div
    at header
    at MotionComponent (http://localhost:5173/node_modules/.vite/deps/framer-motion.js?v=1d06c898:943:40)
    at Navbar (http://localhost:5173/src/sections/Navbar.jsx?t=1782449508584:59:27)
    at div
    at VideoModalProvider (http://localhost:5173/src/components/VideoModal.jsx:29:38)
    at MotionConfig (http://localhost:5173/node_modules/.vite/deps/framer-motion.js?v=1d06c898:677:25)
    at App @ http://localhost:5173/node_modules/.vite/deps/chunk-BCXODTBQ.js?v=1d06c898:518
[  536707ms] Error: Objects are not valid as a React child (found: object with keys {label, target}). If you meant to render a collection of children, use an array instead.
    at throwOnInvalidObjectType (http://localhost:5173/node_modules/.vite/deps/chunk-BCXODTBQ.js?v=1d06c898:9932:17)
    at reconcileChildFibers2 (http://localhost:5173/node_modules/.vite/deps/chunk-BCXODTBQ.js?v=1d06c898:10562:15)
    at reconcileChildren (http://localhost:5173/node_modules/.vite/deps/chunk-BCXODTBQ.js?v=1d06c898:14288:37)
    at updateHostComponent (http://localhost:5173/node_modules/.vite/deps/chunk-BCXODTBQ.js?v=1d06c898:14805:11)
    at beginWork (http://localhost:5173/node_modules/.vite/deps/chunk-BCXODTBQ.js?v=1d06c898:15933:22)
    at HTMLUnknownElement.callCallback2 (http://localhost:5173/node_modules/.vite/deps/chunk-BCXODTBQ.js?v=1d06c898:3672:22)
    at Object.invokeGuardedCallbackDev (http://localhost:5173/node_modules/.vite/deps/chunk-BCXODTBQ.js?v=1d06c898:3697:24)
    at invokeGuardedCallback (http://localhost:5173/node_modules/.vite/deps/chunk-BCXODTBQ.js?v=1d06c898:3731:39)
    at beginWork$1 (http://localhost:5173/node_modules/.vite/deps/chunk-BCXODTBQ.js?v=1d06c898:19763:15)
    at performUnitOfWork (http://localhost:5173/node_modules/.vite/deps/chunk-BCXODTBQ.js?v=1d06c898:19196:20)
[  536707ms] Error: Objects are not valid as a React child (found: object with keys {label, target}). If you meant to render a collection of children, use an array instead.
    at throwOnInvalidObjectType (http://localhost:5173/node_modules/.vite/deps/chunk-BCXODTBQ.js?v=1d06c898:9932:17)
    at reconcileChildFibers2 (http://localhost:5173/node_modules/.vite/deps/chunk-BCXODTBQ.js?v=1d06c898:10562:15)
    at reconcileChildren (http://localhost:5173/node_modules/.vite/deps/chunk-BCXODTBQ.js?v=1d06c898:14288:37)
    at updateHostComponent (http://localhost:5173/node_modules/.vite/deps/chunk-BCXODTBQ.js?v=1d06c898:14805:11)
    at beginWork (http://localhost:5173/node_modules/.vite/deps/chunk-BCXODTBQ.js?v=1d06c898:15933:22)
    at HTMLUnknownElement.callCallback2 (http://localhost:5173/node_modules/.vite/deps/chunk-BCXODTBQ.js?v=1d06c898:3672:22)
    at Object.invokeGuardedCallbackDev (http://localhost:5173/node_modules/.vite/deps/chunk-BCXODTBQ.js?v=1d06c898:3697:24)
    at invokeGuardedCallback (http://localhost:5173/node_modules/.vite/deps/chunk-BCXODTBQ.js?v=1d06c898:3731:39)
    at beginWork$1 (http://localhost:5173/node_modules/.vite/deps/chunk-BCXODTBQ.js?v=1d06c898:19763:15)
    at performUnitOfWork (http://localhost:5173/node_modules/.vite/deps/chunk-BCXODTBQ.js?v=1d06c898:19196:20)
[  536707ms] Error: Objects are not valid as a React child (found: object with keys {label, target}). If you meant to render a collection of children, use an array instead.
    at throwOnInvalidObjectType (http://localhost:5173/node_modules/.vite/deps/chunk-BCXODTBQ.js?v=1d06c898:9932:17)
    at reconcileChildFibers2 (http://localhost:5173/node_modules/.vite/deps/chunk-BCXODTBQ.js?v=1d06c898:10562:15)
    at reconcileChildren (http://localhost:5173/node_modules/.vite/deps/chunk-BCXODTBQ.js?v=1d06c898:14288:37)
    at updateHostComponent (http://localhost:5173/node_modules/.vite/deps/chunk-BCXODTBQ.js?v=1d06c898:14805:11)
    at beginWork (http://localhost:5173/node_modules/.vite/deps/chunk-BCXODTBQ.js?v=1d06c898:15933:22)
    at HTMLUnknownElement.callCallback2 (http://localhost:5173/node_modules/.vite/deps/chunk-BCXODTBQ.js?v=1d06c898:3672:22)
    at Object.invokeGuardedCallbackDev (http://localhost:5173/node_modules/.vite/deps/chunk-BCXODTBQ.js?v=1d06c898:3697:24)
    at invokeGuardedCallback (http://localhost:5173/node_modules/.vite/deps/chunk-BCXODTBQ.js?v=1d06c898:3731:39)
    at beginWork$1 (http://localhost:5173/node_modules/.vite/deps/chunk-BCXODTBQ.js?v=1d06c898:19763:15)
    at performUnitOfWork (http://localhost:5173/node_modules/.vite/deps/chunk-BCXODTBQ.js?v=1d06c898:19196:20)
[  536707ms] Error: Objects are not valid as a React child (found: object with keys {label, target}). If you meant to render a collection of children, use an array instead.
    at throwOnInvalidObjectType (http://localhost:5173/node_modules/.vite/deps/chunk-BCXODTBQ.js?v=1d06c898:9932:17)
    at reconcileChildFibers2 (http://localhost:5173/node_modules/.vite/deps/chunk-BCXODTBQ.js?v=1d06c898:10562:15)
    at reconcileChildren (http://localhost:5173/node_modules/.vite/deps/chunk-BCXODTBQ.js?v=1d06c898:14288:37)
    at updateHostComponent (http://localhost:5173/node_modules/.vite/deps/chunk-BCXODTBQ.js?v=1d06c898:14805:11)
    at beginWork (http://localhost:5173/node_modules/.vite/deps/chunk-BCXODTBQ.js?v=1d06c898:15933:22)
    at HTMLUnknownElement.callCallback2 (http://localhost:5173/node_modules/.vite/deps/chunk-BCXODTBQ.js?v=1d06c898:3672:22)
    at Object.invokeGuardedCallbackDev (http://localhost:5173/node_modules/.vite/deps/chunk-BCXODTBQ.js?v=1d06c898:3697:24)
    at invokeGuardedCallback (http://localhost:5173/node_modules/.vite/deps/chunk-BCXODTBQ.js?v=1d06c898:3731:39)
    at beginWork$1 (http://localhost:5173/node_modules/.vite/deps/chunk-BCXODTBQ.js?v=1d06c898:19763:15)
    at performUnitOfWork (http://localhost:5173/node_modules/.vite/deps/chunk-BCXODTBQ.js?v=1d06c898:19196:20)
[  536707ms] Error: Objects are not valid as a React child (found: object with keys {label, target}). If you meant to render a collection of children, use an array instead.
    at throwOnInvalidObjectType (http://localhost:5173/node_modules/.vite/deps/chunk-BCXODTBQ.js?v=1d06c898:9932:17)
    at reconcileChildFibers2 (http://localhost:5173/node_modules/.vite/deps/chunk-BCXODTBQ.js?v=1d06c898:10562:15)
    at reconcileChildren (http://localhost:5173/node_modules/.vite/deps/chunk-BCXODTBQ.js?v=1d06c898:14288:37)
    at updateHostComponent (http://localhost:5173/node_modules/.vite/deps/chunk-BCXODTBQ.js?v=1d06c898:14805:11)
    at beginWork (http://localhost:5173/node_modules/.vite/deps/chunk-BCXODTBQ.js?v=1d06c898:15933:22)
    at HTMLUnknownElement.callCallback2 (http://localhost:5173/node_modules/.vite/deps/chunk-BCXODTBQ.js?v=1d06c898:3672:22)
    at Object.invokeGuardedCallbackDev (http://localhost:5173/node_modules/.vite/deps/chunk-BCXODTBQ.js?v=1d06c898:3697:24)
    at invokeGuardedCallback (http://localhost:5173/node_modules/.vite/deps/chunk-BCXODTBQ.js?v=1d06c898:3731:39)
    at beginWork$1 (http://localhost:5173/node_modules/.vite/deps/chunk-BCXODTBQ.js?v=1d06c898:19763:15)
    at performUnitOfWork (http://localhost:5173/node_modules/.vite/deps/chunk-BCXODTBQ.js?v=1d06c898:19196:20)
[  536694ms] [ERROR] The above error occurred in the <a> component:

    at a
    at nav
    at div
    at header
    at MotionComponent (http://localhost:5173/node_modules/.vite/deps/framer-motion.js?v=1d06c898:943:40)
    at Navbar (http://localhost:5173/src/sections/Navbar.jsx?t=1782449508584:59:27)
    at div
    at VideoModalProvider (http://localhost:5173/src/components/VideoModal.jsx:29:38)
    at MotionConfig (http://localhost:5173/node_modules/.vite/deps/framer-motion.js?v=1d06c898:677:25)
    at App

Consider adding an error boundary to your tree to customize error handling behavior.
Visit https://reactjs.org/link/error-boundaries to learn more about error boundaries. @ http://localhost:5173/node_modules/.vite/deps/chunk-BCXODTBQ.js?v=1d06c898:14029
[  536695ms] [ERROR] The above error occurred in the <a> component:

    at a
    at nav
    at div
    at header
    at MotionComponent (http://localhost:5173/node_modules/.vite/deps/framer-motion.js?v=1d06c898:943:40)
    at Navbar (http://localhost:5173/src/sections/Navbar.jsx?t=1782449508584:59:27)
    at div
    at VideoModalProvider (http://localhost:5173/src/components/VideoModal.jsx:29:38)
    at MotionConfig (http://localhost:5173/node_modules/.vite/deps/framer-motion.js?v=1d06c898:677:25)
    at App

Consider adding an error boundary to your tree to customize error handling behavior.
Visit https://reactjs.org/link/error-boundaries to learn more about error boundaries. @ http://localhost:5173/node_modules/.vite/deps/chunk-BCXODTBQ.js?v=1d06c898:14029
[  536695ms] [ERROR] The above error occurred in the <a> component:

    at a
    at nav
    at div
    at header
    at MotionComponent (http://localhost:5173/node_modules/.vite/deps/framer-motion.js?v=1d06c898:943:40)
    at Navbar (http://localhost:5173/src/sections/Navbar.jsx?t=1782449508584:59:27)
    at div
    at VideoModalProvider (http://localhost:5173/src/components/VideoModal.jsx:29:38)
    at MotionConfig (http://localhost:5173/node_modules/.vite/deps/framer-motion.js?v=1d06c898:677:25)
    at App

Consider adding an error boundary to your tree to customize error handling behavior.
Visit https://reactjs.org/link/error-boundaries to learn more about error boundaries. @ http://localhost:5173/node_modules/.vite/deps/chunk-BCXODTBQ.js?v=1d06c898:14029
[  536695ms] [ERROR] The above error occurred in the <a> component:

    at a
    at nav
    at div
    at header
    at MotionComponent (http://localhost:5173/node_modules/.vite/deps/framer-motion.js?v=1d06c898:943:40)
    at Navbar (http://localhost:5173/src/sections/Navbar.jsx?t=1782449508584:59:27)
    at div
    at VideoModalProvider (http://localhost:5173/src/components/VideoModal.jsx:29:38)
    at MotionConfig (http://localhost:5173/node_modules/.vite/deps/framer-motion.js?v=1d06c898:677:25)
    at App

Consider adding an error boundary to your tree to customize error handling behavior.
Visit https://reactjs.org/link/error-boundaries to learn more about error boundaries. @ http://localhost:5173/node_modules/.vite/deps/chunk-BCXODTBQ.js?v=1d06c898:14029
[  536695ms] [ERROR] The above error occurred in the <a> component:

    at a
    at nav
    at div
    at header
    at MotionComponent (http://localhost:5173/node_modules/.vite/deps/framer-motion.js?v=1d06c898:943:40)
    at Navbar (http://localhost:5173/src/sections/Navbar.jsx?t=1782449508584:59:27)
    at div
    at VideoModalProvider (http://localhost:5173/src/components/VideoModal.jsx:29:38)
    at MotionConfig (http://localhost:5173/node_modules/.vite/deps/framer-motion.js?v=1d06c898:677:25)
    at App

Consider adding an error boundary to your tree to customize error handling behavior.
Visit https://reactjs.org/link/error-boundaries to learn more about error boundaries. @ http://localhost:5173/node_modules/.vite/deps/chunk-BCXODTBQ.js?v=1d06c898:14029
[  536712ms] Error: Objects are not valid as a React child (found: object with keys {label, target}). If you meant to render a collection of children, use an array instead.
    at throwOnInvalidObjectType (http://localhost:5173/node_modules/.vite/deps/chunk-BCXODTBQ.js?v=1d06c898:9932:17)
    at reconcileChildFibers2 (http://localhost:5173/node_modules/.vite/deps/chunk-BCXODTBQ.js?v=1d06c898:10562:15)
    at reconcileChildren (http://localhost:5173/node_modules/.vite/deps/chunk-BCXODTBQ.js?v=1d06c898:14288:37)
    at updateHostComponent (http://localhost:5173/node_modules/.vite/deps/chunk-BCXODTBQ.js?v=1d06c898:14805:11)
    at beginWork (http://localhost:5173/node_modules/.vite/deps/chunk-BCXODTBQ.js?v=1d06c898:15933:22)
    at beginWork$1 (http://localhost:5173/node_modules/.vite/deps/chunk-BCXODTBQ.js?v=1d06c898:19751:22)
    at performUnitOfWork (http://localhost:5173/node_modules/.vite/deps/chunk-BCXODTBQ.js?v=1d06c898:19196:20)
    at workLoopSync (http://localhost:5173/node_modules/.vite/deps/chunk-BCXODTBQ.js?v=1d06c898:19135:13)
    at renderRootSync (http://localhost:5173/node_modules/.vite/deps/chunk-BCXODTBQ.js?v=1d06c898:19114:15)
    at recoverFromConcurrentError (http://localhost:5173/node_modules/.vite/deps/chunk-BCXODTBQ.js?v=1d06c898:18734:28)
[  545108ms] [ERROR] Warning: Encountered two children with the same key, `%s`. Keys should be unique so that components maintain their identity across updates. Non-unique keys may cause children to be duplicated and/or omitted — the behavior is unsupported and could change in a future version.%s [object Object] 
    at nav
    at div
    at header
    at MotionComponent (http://localhost:5173/node_modules/.vite/deps/framer-motion.js?v=1d06c898:943:40)
    at Navbar (http://localhost:5173/src/sections/Navbar.jsx?t=1782449508584:59:27)
    at div
    at VideoModalProvider (http://localhost:5173/src/components/VideoModal.jsx:29:38)
    at MotionConfig (http://localhost:5173/node_modules/.vite/deps/framer-motion.js?v=1d06c898:677:25)
    at App @ http://localhost:5173/node_modules/.vite/deps/chunk-BCXODTBQ.js?v=1d06c898:518
[  545108ms] [ERROR] Warning: Encountered two children with the same key, `%s`. Keys should be unique so that components maintain their identity across updates. Non-unique keys may cause children to be duplicated and/or omitted — the behavior is unsupported and could change in a future version.%s [object Object] 
    at nav
    at div
    at header
    at MotionComponent (http://localhost:5173/node_modules/.vite/deps/framer-motion.js?v=1d06c898:943:40)
    at Navbar (http://localhost:5173/src/sections/Navbar.jsx?t=1782449508584:59:27)
    at div
    at VideoModalProvider (http://localhost:5173/src/components/VideoModal.jsx:29:38)
    at MotionConfig (http://localhost:5173/node_modules/.vite/deps/framer-motion.js?v=1d06c898:677:25)
    at App @ http://localhost:5173/node_modules/.vite/deps/chunk-BCXODTBQ.js?v=1d06c898:518
[  545108ms] [ERROR] Warning: Encountered two children with the same key, `%s`. Keys should be unique so that components maintain their identity across updates. Non-unique keys may cause children to be duplicated and/or omitted — the behavior is unsupported and could change in a future version.%s [object Object] 
    at nav
    at div
    at header
    at MotionComponent (http://localhost:5173/node_modules/.vite/deps/framer-motion.js?v=1d06c898:943:40)
    at Navbar (http://localhost:5173/src/sections/Navbar.jsx?t=1782449508584:59:27)
    at div
    at VideoModalProvider (http://localhost:5173/src/components/VideoModal.jsx:29:38)
    at MotionConfig (http://localhost:5173/node_modules/.vite/deps/framer-motion.js?v=1d06c898:677:25)
    at App @ http://localhost:5173/node_modules/.vite/deps/chunk-BCXODTBQ.js?v=1d06c898:518
[  545109ms] [ERROR] Warning: Encountered two children with the same key, `%s`. Keys should be unique so that components maintain their identity across updates. Non-unique keys may cause children to be duplicated and/or omitted — the behavior is unsupported and could change in a future version.%s [object Object] 
    at nav
    at div
    at header
    at MotionComponent (http://localhost:5173/node_modules/.vite/deps/framer-motion.js?v=1d06c898:943:40)
    at Navbar (http://localhost:5173/src/sections/Navbar.jsx?t=1782449508584:59:27)
    at div
    at VideoModalProvider (http://localhost:5173/src/components/VideoModal.jsx:29:38)
    at MotionConfig (http://localhost:5173/node_modules/.vite/deps/framer-motion.js?v=1d06c898:677:25)
    at App @ http://localhost:5173/node_modules/.vite/deps/chunk-BCXODTBQ.js?v=1d06c898:518
[  545111ms] Error: Objects are not valid as a React child (found: object with keys {label, target}). If you meant to render a collection of children, use an array instead.
    at throwOnInvalidObjectType (http://localhost:5173/node_modules/.vite/deps/chunk-BCXODTBQ.js?v=1d06c898:9932:17)
    at reconcileChildFibers2 (http://localhost:5173/node_modules/.vite/deps/chunk-BCXODTBQ.js?v=1d06c898:10562:15)
    at reconcileChildren (http://localhost:5173/node_modules/.vite/deps/chunk-BCXODTBQ.js?v=1d06c898:14288:37)
    at updateHostComponent (http://localhost:5173/node_modules/.vite/deps/chunk-BCXODTBQ.js?v=1d06c898:14805:11)
    at beginWork (http://localhost:5173/node_modules/.vite/deps/chunk-BCXODTBQ.js?v=1d06c898:15933:22)
    at HTMLUnknownElement.callCallback2 (http://localhost:5173/node_modules/.vite/deps/chunk-BCXODTBQ.js?v=1d06c898:3672:22)
    at Object.invokeGuardedCallbackDev (http://localhost:5173/node_modules/.vite/deps/chunk-BCXODTBQ.js?v=1d06c898:3697:24)
    at invokeGuardedCallback (http://localhost:5173/node_modules/.vite/deps/chunk-BCXODTBQ.js?v=1d06c898:3731:39)
    at beginWork$1 (http://localhost:5173/node_modules/.vite/deps/chunk-BCXODTBQ.js?v=1d06c898:19763:15)
    at performUnitOfWork (http://localhost:5173/node_modules/.vite/deps/chunk-BCXODTBQ.js?v=1d06c898:19196:20)
[  545111ms] Error: Objects are not valid as a React child (found: object with keys {label, target}). If you meant to render a collection of children, use an array instead.
    at throwOnInvalidObjectType (http://localhost:5173/node_modules/.vite/deps/chunk-BCXODTBQ.js?v=1d06c898:9932:17)
    at reconcileChildFibers2 (http://localhost:5173/node_modules/.vite/deps/chunk-BCXODTBQ.js?v=1d06c898:10562:15)
    at reconcileChildren (http://localhost:5173/node_modules/.vite/deps/chunk-BCXODTBQ.js?v=1d06c898:14288:37)
    at updateHostComponent (http://localhost:5173/node_modules/.vite/deps/chunk-BCXODTBQ.js?v=1d06c898:14805:11)
    at beginWork (http://localhost:5173/node_modules/.vite/deps/chunk-BCXODTBQ.js?v=1d06c898:15933:22)
    at HTMLUnknownElement.callCallback2 (http://localhost:5173/node_modules/.vite/deps/chunk-BCXODTBQ.js?v=1d06c898:3672:22)
    at Object.invokeGuardedCallbackDev (http://localhost:5173/node_modules/.vite/deps/chunk-BCXODTBQ.js?v=1d06c898:3697:24)
    at invokeGuardedCallback (http://localhost:5173/node_modules/.vite/deps/chunk-BCXODTBQ.js?v=1d06c898:3731:39)
    at beginWork$1 (http://localhost:5173/node_modules/.vite/deps/chunk-BCXODTBQ.js?v=1d06c898:19763:15)
    at performUnitOfWork (http://localhost:5173/node_modules/.vite/deps/chunk-BCXODTBQ.js?v=1d06c898:19196:20)
[  545111ms] Error: Objects are not valid as a React child (found: object with keys {label, target}). If you meant to render a collection of children, use an array instead.
    at throwOnInvalidObjectType (http://localhost:5173/node_modules/.vite/deps/chunk-BCXODTBQ.js?v=1d06c898:9932:17)
    at reconcileChildFibers2 (http://localhost:5173/node_modules/.vite/deps/chunk-BCXODTBQ.js?v=1d06c898:10562:15)
    at reconcileChildren (http://localhost:5173/node_modules/.vite/deps/chunk-BCXODTBQ.js?v=1d06c898:14288:37)
    at updateHostComponent (http://localhost:5173/node_modules/.vite/deps/chunk-BCXODTBQ.js?v=1d06c898:14805:11)
    at beginWork (http://localhost:5173/node_modules/.vite/deps/chunk-BCXODTBQ.js?v=1d06c898:15933:22)
    at HTMLUnknownElement.callCallback2 (http://localhost:5173/node_modules/.vite/deps/chunk-BCXODTBQ.js?v=1d06c898:3672:22)
    at Object.invokeGuardedCallbackDev (http://localhost:5173/node_modules/.vite/deps/chunk-BCXODTBQ.js?v=1d06c898:3697:24)
    at invokeGuardedCallback (http://localhost:5173/node_modules/.vite/deps/chunk-BCXODTBQ.js?v=1d06c898:3731:39)
    at beginWork$1 (http://localhost:5173/node_modules/.vite/deps/chunk-BCXODTBQ.js?v=1d06c898:19763:15)
    at performUnitOfWork (http://localhost:5173/node_modules/.vite/deps/chunk-BCXODTBQ.js?v=1d06c898:19196:20)
[  545111ms] Error: Objects are not valid as a React child (found: object with keys {label, target}). If you meant to render a collection of children, use an array instead.
    at throwOnInvalidObjectType (http://localhost:5173/node_modules/.vite/deps/chunk-BCXODTBQ.js?v=1d06c898:9932:17)
    at reconcileChildFibers2 (http://localhost:5173/node_modules/.vite/deps/chunk-BCXODTBQ.js?v=1d06c898:10562:15)
    at reconcileChildren (http://localhost:5173/node_modules/.vite/deps/chunk-BCXODTBQ.js?v=1d06c898:14288:37)
    at updateHostComponent (http://localhost:5173/node_modules/.vite/deps/chunk-BCXODTBQ.js?v=1d06c898:14805:11)
    at beginWork (http://localhost:5173/node_modules/.vite/deps/chunk-BCXODTBQ.js?v=1d06c898:15933:22)
    at HTMLUnknownElement.callCallback2 (http://localhost:5173/node_modules/.vite/deps/chunk-BCXODTBQ.js?v=1d06c898:3672:22)
    at Object.invokeGuardedCallbackDev (http://localhost:5173/node_modules/.vite/deps/chunk-BCXODTBQ.js?v=1d06c898:3697:24)
    at invokeGuardedCallback (http://localhost:5173/node_modules/.vite/deps/chunk-BCXODTBQ.js?v=1d06c898:3731:39)
    at beginWork$1 (http://localhost:5173/node_modules/.vite/deps/chunk-BCXODTBQ.js?v=1d06c898:19763:15)
    at performUnitOfWork (http://localhost:5173/node_modules/.vite/deps/chunk-BCXODTBQ.js?v=1d06c898:19196:20)
[  545112ms] Error: Objects are not valid as a React child (found: object with keys {label, target}). If you meant to render a collection of children, use an array instead.
    at throwOnInvalidObjectType (http://localhost:5173/node_modules/.vite/deps/chunk-BCXODTBQ.js?v=1d06c898:9932:17)
    at reconcileChildFibers2 (http://localhost:5173/node_modules/.vite/deps/chunk-BCXODTBQ.js?v=1d06c898:10562:15)
    at reconcileChildren (http://localhost:5173/node_modules/.vite/deps/chunk-BCXODTBQ.js?v=1d06c898:14288:37)
    at updateHostComponent (http://localhost:5173/node_modules/.vite/deps/chunk-BCXODTBQ.js?v=1d06c898:14805:11)
    at beginWork (http://localhost:5173/node_modules/.vite/deps/chunk-BCXODTBQ.js?v=1d06c898:15933:22)
    at HTMLUnknownElement.callCallback2 (http://localhost:5173/node_modules/.vite/deps/chunk-BCXODTBQ.js?v=1d06c898:3672:22)
    at Object.invokeGuardedCallbackDev (http://localhost:5173/node_modules/.vite/deps/chunk-BCXODTBQ.js?v=1d06c898:3697:24)
    at invokeGuardedCallback (http://localhost:5173/node_modules/.vite/deps/chunk-BCXODTBQ.js?v=1d06c898:3731:39)
    at beginWork$1 (http://localhost:5173/node_modules/.vite/deps/chunk-BCXODTBQ.js?v=1d06c898:19763:15)
    at performUnitOfWork (http://localhost:5173/node_modules/.vite/deps/chunk-BCXODTBQ.js?v=1d06c898:19196:20)
[  545140ms] [ERROR] Warning: Encountered two children with the same key, `%s`. Keys should be unique so that components maintain their identity across updates. Non-unique keys may cause children to be duplicated and/or omitted — the behavior is unsupported and could change in a future version.%s [object Object] 
    at nav
    at div
    at header
    at MotionComponent (http://localhost:5173/node_modules/.vite/deps/framer-motion.js?v=1d06c898:943:40)
    at Navbar (http://localhost:5173/src/sections/Navbar.jsx?t=1782449508584:59:27)
    at div
    at VideoModalProvider (http://localhost:5173/src/components/VideoModal.jsx:29:38)
    at MotionConfig (http://localhost:5173/node_modules/.vite/deps/framer-motion.js?v=1d06c898:677:25)
    at App @ http://localhost:5173/node_modules/.vite/deps/chunk-BCXODTBQ.js?v=1d06c898:518
[  545140ms] [ERROR] Warning: Encountered two children with the same key, `%s`. Keys should be unique so that components maintain their identity across updates. Non-unique keys may cause children to be duplicated and/or omitted — the behavior is unsupported and could change in a future version.%s [object Object] 
    at nav
    at div
    at header
    at MotionComponent (http://localhost:5173/node_modules/.vite/deps/framer-motion.js?v=1d06c898:943:40)
    at Navbar (http://localhost:5173/src/sections/Navbar.jsx?t=1782449508584:59:27)
    at div
    at VideoModalProvider (http://localhost:5173/src/components/VideoModal.jsx:29:38)
    at MotionConfig (http://localhost:5173/node_modules/.vite/deps/framer-motion.js?v=1d06c898:677:25)
    at App @ http://localhost:5173/node_modules/.vite/deps/chunk-BCXODTBQ.js?v=1d06c898:518
[  545140ms] [ERROR] Warning: Encountered two children with the same key, `%s`. Keys should be unique so that components maintain their identity across updates. Non-unique keys may cause children to be duplicated and/or omitted — the behavior is unsupported and could change in a future version.%s [object Object] 
    at nav
    at div
    at header
    at MotionComponent (http://localhost:5173/node_modules/.vite/deps/framer-motion.js?v=1d06c898:943:40)
    at Navbar (http://localhost:5173/src/sections/Navbar.jsx?t=1782449508584:59:27)
    at div
    at VideoModalProvider (http://localhost:5173/src/components/VideoModal.jsx:29:38)
    at MotionConfig (http://localhost:5173/node_modules/.vite/deps/framer-motion.js?v=1d06c898:677:25)
    at App @ http://localhost:5173/node_modules/.vite/deps/chunk-BCXODTBQ.js?v=1d06c898:518
[  545140ms] [ERROR] Warning: Encountered two children with the same key, `%s`. Keys should be unique so that components maintain their identity across updates. Non-unique keys may cause children to be duplicated and/or omitted — the behavior is unsupported and could change in a future version.%s [object Object] 
    at nav
    at div
    at header
    at MotionComponent (http://localhost:5173/node_modules/.vite/deps/framer-motion.js?v=1d06c898:943:40)
    at Navbar (http://localhost:5173/src/sections/Navbar.jsx?t=1782449508584:59:27)
    at div
    at VideoModalProvider (http://localhost:5173/src/components/VideoModal.jsx:29:38)
    at MotionConfig (http://localhost:5173/node_modules/.vite/deps/framer-motion.js?v=1d06c898:677:25)
    at App @ http://localhost:5173/node_modules/.vite/deps/chunk-BCXODTBQ.js?v=1d06c898:518
[  545142ms] Error: Objects are not valid as a React child (found: object with keys {label, target}). If you meant to render a collection of children, use an array instead.
    at throwOnInvalidObjectType (http://localhost:5173/node_modules/.vite/deps/chunk-BCXODTBQ.js?v=1d06c898:9932:17)
    at reconcileChildFibers2 (http://localhost:5173/node_modules/.vite/deps/chunk-BCXODTBQ.js?v=1d06c898:10562:15)
    at reconcileChildren (http://localhost:5173/node_modules/.vite/deps/chunk-BCXODTBQ.js?v=1d06c898:14288:37)
    at updateHostComponent (http://localhost:5173/node_modules/.vite/deps/chunk-BCXODTBQ.js?v=1d06c898:14805:11)
    at beginWork (http://localhost:5173/node_modules/.vite/deps/chunk-BCXODTBQ.js?v=1d06c898:15933:22)
    at HTMLUnknownElement.callCallback2 (http://localhost:5173/node_modules/.vite/deps/chunk-BCXODTBQ.js?v=1d06c898:3672:22)
    at Object.invokeGuardedCallbackDev (http://localhost:5173/node_modules/.vite/deps/chunk-BCXODTBQ.js?v=1d06c898:3697:24)
    at invokeGuardedCallback (http://localhost:5173/node_modules/.vite/deps/chunk-BCXODTBQ.js?v=1d06c898:3731:39)
    at beginWork$1 (http://localhost:5173/node_modules/.vite/deps/chunk-BCXODTBQ.js?v=1d06c898:19763:15)
    at performUnitOfWork (http://localhost:5173/node_modules/.vite/deps/chunk-BCXODTBQ.js?v=1d06c898:19196:20)
[  545142ms] Error: Objects are not valid as a React child (found: object with keys {label, target}). If you meant to render a collection of children, use an array instead.
    at throwOnInvalidObjectType (http://localhost:5173/node_modules/.vite/deps/chunk-BCXODTBQ.js?v=1d06c898:9932:17)
    at reconcileChildFibers2 (http://localhost:5173/node_modules/.vite/deps/chunk-BCXODTBQ.js?v=1d06c898:10562:15)
    at reconcileChildren (http://localhost:5173/node_modules/.vite/deps/chunk-BCXODTBQ.js?v=1d06c898:14288:37)
    at updateHostComponent (http://localhost:5173/node_modules/.vite/deps/chunk-BCXODTBQ.js?v=1d06c898:14805:11)
    at beginWork (http://localhost:5173/node_modules/.vite/deps/chunk-BCXODTBQ.js?v=1d06c898:15933:22)
    at HTMLUnknownElement.callCallback2 (http://localhost:5173/node_modules/.vite/deps/chunk-BCXODTBQ.js?v=1d06c898:3672:22)
    at Object.invokeGuardedCallbackDev (http://localhost:5173/node_modules/.vite/deps/chunk-BCXODTBQ.js?v=1d06c898:3697:24)
    at invokeGuardedCallback (http://localhost:5173/node_modules/.vite/deps/chunk-BCXODTBQ.js?v=1d06c898:3731:39)
    at beginWork$1 (http://localhost:5173/node_modules/.vite/deps/chunk-BCXODTBQ.js?v=1d06c898:19763:15)
    at performUnitOfWork (http://localhost:5173/node_modules/.vite/deps/chunk-BCXODTBQ.js?v=1d06c898:19196:20)
[  545143ms] Error: Objects are not valid as a React child (found: object with keys {label, target}). If you meant to render a collection of children, use an array instead.
    at throwOnInvalidObjectType (http://localhost:5173/node_modules/.vite/deps/chunk-BCXODTBQ.js?v=1d06c898:9932:17)
    at reconcileChildFibers2 (http://localhost:5173/node_modules/.vite/deps/chunk-BCXODTBQ.js?v=1d06c898:10562:15)
    at reconcileChildren (http://localhost:5173/node_modules/.vite/deps/chunk-BCXODTBQ.js?v=1d06c898:14288:37)
    at updateHostComponent (http://localhost:5173/node_modules/.vite/deps/chunk-BCXODTBQ.js?v=1d06c898:14805:11)
    at beginWork (http://localhost:5173/node_modules/.vite/deps/chunk-BCXODTBQ.js?v=1d06c898:15933:22)
    at HTMLUnknownElement.callCallback2 (http://localhost:5173/node_modules/.vite/deps/chunk-BCXODTBQ.js?v=1d06c898:3672:22)
    at Object.invokeGuardedCallbackDev (http://localhost:5173/node_modules/.vite/deps/chunk-BCXODTBQ.js?v=1d06c898:3697:24)
    at invokeGuardedCallback (http://localhost:5173/node_modules/.vite/deps/chunk-BCXODTBQ.js?v=1d06c898:3731:39)
    at beginWork$1 (http://localhost:5173/node_modules/.vite/deps/chunk-BCXODTBQ.js?v=1d06c898:19763:15)
    at performUnitOfWork (http://localhost:5173/node_modules/.vite/deps/chunk-BCXODTBQ.js?v=1d06c898:19196:20)
[  545143ms] Error: Objects are not valid as a React child (found: object with keys {label, target}). If you meant to render a collection of children, use an array instead.
    at throwOnInvalidObjectType (http://localhost:5173/node_modules/.vite/deps/chunk-BCXODTBQ.js?v=1d06c898:9932:17)
    at reconcileChildFibers2 (http://localhost:5173/node_modules/.vite/deps/chunk-BCXODTBQ.js?v=1d06c898:10562:15)
    at reconcileChildren (http://localhost:5173/node_modules/.vite/deps/chunk-BCXODTBQ.js?v=1d06c898:14288:37)
    at updateHostComponent (http://localhost:5173/node_modules/.vite/deps/chunk-BCXODTBQ.js?v=1d06c898:14805:11)
    at beginWork (http://localhost:5173/node_modules/.vite/deps/chunk-BCXODTBQ.js?v=1d06c898:15933:22)
    at HTMLUnknownElement.callCallback2 (http://localhost:5173/node_modules/.vite/deps/chunk-BCXODTBQ.js?v=1d06c898:3672:22)
    at Object.invokeGuardedCallbackDev (http://localhost:5173/node_modules/.vite/deps/chunk-BCXODTBQ.js?v=1d06c898:3697:24)
    at invokeGuardedCallback (http://localhost:5173/node_modules/.vite/deps/chunk-BCXODTBQ.js?v=1d06c898:3731:39)
    at beginWork$1 (http://localhost:5173/node_modules/.vite/deps/chunk-BCXODTBQ.js?v=1d06c898:19763:15)
    at performUnitOfWork (http://localhost:5173/node_modules/.vite/deps/chunk-BCXODTBQ.js?v=1d06c898:19196:20)
[  545143ms] Error: Objects are not valid as a React child (found: object with keys {label, target}). If you meant to render a collection of children, use an array instead.
    at throwOnInvalidObjectType (http://localhost:5173/node_modules/.vite/deps/chunk-BCXODTBQ.js?v=1d06c898:9932:17)
    at reconcileChildFibers2 (http://localhost:5173/node_modules/.vite/deps/chunk-BCXODTBQ.js?v=1d06c898:10562:15)
    at reconcileChildren (http://localhost:5173/node_modules/.vite/deps/chunk-BCXODTBQ.js?v=1d06c898:14288:37)
    at updateHostComponent (http://localhost:5173/node_modules/.vite/deps/chunk-BCXODTBQ.js?v=1d06c898:14805:11)
    at beginWork (http://localhost:5173/node_modules/.vite/deps/chunk-BCXODTBQ.js?v=1d06c898:15933:22)
    at HTMLUnknownElement.callCallback2 (http://localhost:5173/node_modules/.vite/deps/chunk-BCXODTBQ.js?v=1d06c898:3672:22)
    at Object.invokeGuardedCallbackDev (http://localhost:5173/node_modules/.vite/deps/chunk-BCXODTBQ.js?v=1d06c898:3697:24)
    at invokeGuardedCallback (http://localhost:5173/node_modules/.vite/deps/chunk-BCXODTBQ.js?v=1d06c898:3731:39)
    at beginWork$1 (http://localhost:5173/node_modules/.vite/deps/chunk-BCXODTBQ.js?v=1d06c898:19763:15)
    at performUnitOfWork (http://localhost:5173/node_modules/.vite/deps/chunk-BCXODTBQ.js?v=1d06c898:19196:20)
[  545176ms] [ERROR] The above error occurred in the <a> component:

    at a
    at nav
    at div
    at header
    at MotionComponent (http://localhost:5173/node_modules/.vite/deps/framer-motion.js?v=1d06c898:943:40)
    at Navbar (http://localhost:5173/src/sections/Navbar.jsx?t=1782449508584:59:27)
    at div
    at VideoModalProvider (http://localhost:5173/src/components/VideoModal.jsx:29:38)
    at MotionConfig (http://localhost:5173/node_modules/.vite/deps/framer-motion.js?v=1d06c898:677:25)
    at App

Consider adding an error boundary to your tree to customize error handling behavior.
Visit https://reactjs.org/link/error-boundaries to learn more about error boundaries. @ http://localhost:5173/node_modules/.vite/deps/chunk-BCXODTBQ.js?v=1d06c898:14029
[  545176ms] [ERROR] The above error occurred in the <a> component:

    at a
    at nav
    at div
    at header
    at MotionComponent (http://localhost:5173/node_modules/.vite/deps/framer-motion.js?v=1d06c898:943:40)
    at Navbar (http://localhost:5173/src/sections/Navbar.jsx?t=1782449508584:59:27)
    at div
    at VideoModalProvider (http://localhost:5173/src/components/VideoModal.jsx:29:38)
    at MotionConfig (http://localhost:5173/node_modules/.vite/deps/framer-motion.js?v=1d06c898:677:25)
    at App

Consider adding an error boundary to your tree to customize error handling behavior.
Visit https://reactjs.org/link/error-boundaries to learn more about error boundaries. @ http://localhost:5173/node_modules/.vite/deps/chunk-BCXODTBQ.js?v=1d06c898:14029
[  545176ms] [ERROR] The above error occurred in the <a> component:

    at a
    at nav
    at div
    at header
    at MotionComponent (http://localhost:5173/node_modules/.vite/deps/framer-motion.js?v=1d06c898:943:40)
    at Navbar (http://localhost:5173/src/sections/Navbar.jsx?t=1782449508584:59:27)
    at div
    at VideoModalProvider (http://localhost:5173/src/components/VideoModal.jsx:29:38)
    at MotionConfig (http://localhost:5173/node_modules/.vite/deps/framer-motion.js?v=1d06c898:677:25)
    at App

Consider adding an error boundary to your tree to customize error handling behavior.
Visit https://reactjs.org/link/error-boundaries to learn more about error boundaries. @ http://localhost:5173/node_modules/.vite/deps/chunk-BCXODTBQ.js?v=1d06c898:14029
[  545176ms] [ERROR] The above error occurred in the <a> component:

    at a
    at nav
    at div
    at header
    at MotionComponent (http://localhost:5173/node_modules/.vite/deps/framer-motion.js?v=1d06c898:943:40)
    at Navbar (http://localhost:5173/src/sections/Navbar.jsx?t=1782449508584:59:27)
    at div
    at VideoModalProvider (http://localhost:5173/src/components/VideoModal.jsx:29:38)
    at MotionConfig (http://localhost:5173/node_modules/.vite/deps/framer-motion.js?v=1d06c898:677:25)
    at App

Consider adding an error boundary to your tree to customize error handling behavior.
Visit https://reactjs.org/link/error-boundaries to learn more about error boundaries. @ http://localhost:5173/node_modules/.vite/deps/chunk-BCXODTBQ.js?v=1d06c898:14029
[  545177ms] [ERROR] The above error occurred in the <a> component:

    at a
    at nav
    at div
    at header
    at MotionComponent (http://localhost:5173/node_modules/.vite/deps/framer-motion.js?v=1d06c898:943:40)
    at Navbar (http://localhost:5173/src/sections/Navbar.jsx?t=1782449508584:59:27)
    at div
    at VideoModalProvider (http://localhost:5173/src/components/VideoModal.jsx:29:38)
    at MotionConfig (http://localhost:5173/node_modules/.vite/deps/framer-motion.js?v=1d06c898:677:25)
    at App

Consider adding an error boundary to your tree to customize error handling behavior.
Visit https://reactjs.org/link/error-boundaries to learn more about error boundaries. @ http://localhost:5173/node_modules/.vite/deps/chunk-BCXODTBQ.js?v=1d06c898:14029
[  545178ms] Error: Objects are not valid as a React child (found: object with keys {label, target}). If you meant to render a collection of children, use an array instead.
    at throwOnInvalidObjectType (http://localhost:5173/node_modules/.vite/deps/chunk-BCXODTBQ.js?v=1d06c898:9932:17)
    at reconcileChildFibers2 (http://localhost:5173/node_modules/.vite/deps/chunk-BCXODTBQ.js?v=1d06c898:10562:15)
    at reconcileChildren (http://localhost:5173/node_modules/.vite/deps/chunk-BCXODTBQ.js?v=1d06c898:14288:37)
    at updateHostComponent (http://localhost:5173/node_modules/.vite/deps/chunk-BCXODTBQ.js?v=1d06c898:14805:11)
    at beginWork (http://localhost:5173/node_modules/.vite/deps/chunk-BCXODTBQ.js?v=1d06c898:15933:22)
    at beginWork$1 (http://localhost:5173/node_modules/.vite/deps/chunk-BCXODTBQ.js?v=1d06c898:19751:22)
    at performUnitOfWork (http://localhost:5173/node_modules/.vite/deps/chunk-BCXODTBQ.js?v=1d06c898:19196:20)
    at workLoopSync (http://localhost:5173/node_modules/.vite/deps/chunk-BCXODTBQ.js?v=1d06c898:19135:13)
    at renderRootSync (http://localhost:5173/node_modules/.vite/deps/chunk-BCXODTBQ.js?v=1d06c898:19114:15)
    at recoverFromConcurrentError (http://localhost:5173/node_modules/.vite/deps/chunk-BCXODTBQ.js?v=1d06c898:18734:28)
[  552098ms] [ERROR] Warning: Encountered two children with the same key, `%s`. Keys should be unique so that components maintain their identity across updates. Non-unique keys may cause children to be duplicated and/or omitted — the behavior is unsupported and could change in a future version.%s [object Object] 
    at nav
    at div
    at header
    at MotionComponent (http://localhost:5173/node_modules/.vite/deps/framer-motion.js?v=1d06c898:943:40)
    at Navbar (http://localhost:5173/src/sections/Navbar.jsx?t=1782449508584:59:27)
    at div
    at VideoModalProvider (http://localhost:5173/src/components/VideoModal.jsx:29:38)
    at MotionConfig (http://localhost:5173/node_modules/.vite/deps/framer-motion.js?v=1d06c898:677:25)
    at App @ http://localhost:5173/node_modules/.vite/deps/chunk-BCXODTBQ.js?v=1d06c898:518
[  552098ms] [ERROR] Warning: Encountered two children with the same key, `%s`. Keys should be unique so that components maintain their identity across updates. Non-unique keys may cause children to be duplicated and/or omitted — the behavior is unsupported and could change in a future version.%s [object Object] 
    at nav
    at div
    at header
    at MotionComponent (http://localhost:5173/node_modules/.vite/deps/framer-motion.js?v=1d06c898:943:40)
    at Navbar (http://localhost:5173/src/sections/Navbar.jsx?t=1782449508584:59:27)
    at div
    at VideoModalProvider (http://localhost:5173/src/components/VideoModal.jsx:29:38)
    at MotionConfig (http://localhost:5173/node_modules/.vite/deps/framer-motion.js?v=1d06c898:677:25)
    at App @ http://localhost:5173/node_modules/.vite/deps/chunk-BCXODTBQ.js?v=1d06c898:518
[  552099ms] [ERROR] Warning: Encountered two children with the same key, `%s`. Keys should be unique so that components maintain their identity across updates. Non-unique keys may cause children to be duplicated and/or omitted — the behavior is unsupported and could change in a future version.%s [object Object] 
    at nav
    at div
    at header
    at MotionComponent (http://localhost:5173/node_modules/.vite/deps/framer-motion.js?v=1d06c898:943:40)
    at Navbar (http://localhost:5173/src/sections/Navbar.jsx?t=1782449508584:59:27)
    at div
    at VideoModalProvider (http://localhost:5173/src/components/VideoModal.jsx:29:38)
    at MotionConfig (http://localhost:5173/node_modules/.vite/deps/framer-motion.js?v=1d06c898:677:25)
    at App @ http://localhost:5173/node_modules/.vite/deps/chunk-BCXODTBQ.js?v=1d06c898:518
[  552099ms] [ERROR] Warning: Encountered two children with the same key, `%s`. Keys should be unique so that components maintain their identity across updates. Non-unique keys may cause children to be duplicated and/or omitted — the behavior is unsupported and could change in a future version.%s [object Object] 
    at nav
    at div
    at header
    at MotionComponent (http://localhost:5173/node_modules/.vite/deps/framer-motion.js?v=1d06c898:943:40)
    at Navbar (http://localhost:5173/src/sections/Navbar.jsx?t=1782449508584:59:27)
    at div
    at VideoModalProvider (http://localhost:5173/src/components/VideoModal.jsx:29:38)
    at MotionConfig (http://localhost:5173/node_modules/.vite/deps/framer-motion.js?v=1d06c898:677:25)
    at App @ http://localhost:5173/node_modules/.vite/deps/chunk-BCXODTBQ.js?v=1d06c898:518
[  552100ms] Error: Objects are not valid as a React child (found: object with keys {label, target}). If you meant to render a collection of children, use an array instead.
    at throwOnInvalidObjectType (http://localhost:5173/node_modules/.vite/deps/chunk-BCXODTBQ.js?v=1d06c898:9932:17)
    at reconcileChildFibers2 (http://localhost:5173/node_modules/.vite/deps/chunk-BCXODTBQ.js?v=1d06c898:10562:15)
    at reconcileChildren (http://localhost:5173/node_modules/.vite/deps/chunk-BCXODTBQ.js?v=1d06c898:14288:37)
    at updateHostComponent (http://localhost:5173/node_modules/.vite/deps/chunk-BCXODTBQ.js?v=1d06c898:14805:11)
    at beginWork (http://localhost:5173/node_modules/.vite/deps/chunk-BCXODTBQ.js?v=1d06c898:15933:22)
    at HTMLUnknownElement.callCallback2 (http://localhost:5173/node_modules/.vite/deps/chunk-BCXODTBQ.js?v=1d06c898:3672:22)
    at Object.invokeGuardedCallbackDev (http://localhost:5173/node_modules/.vite/deps/chunk-BCXODTBQ.js?v=1d06c898:3697:24)
    at invokeGuardedCallback (http://localhost:5173/node_modules/.vite/deps/chunk-BCXODTBQ.js?v=1d06c898:3731:39)
    at beginWork$1 (http://localhost:5173/node_modules/.vite/deps/chunk-BCXODTBQ.js?v=1d06c898:19763:15)
    at performUnitOfWork (http://localhost:5173/node_modules/.vite/deps/chunk-BCXODTBQ.js?v=1d06c898:19196:20)
[  552100ms] Error: Objects are not valid as a React child (found: object with keys {label, target}). If you meant to render a collection of children, use an array instead.
    at throwOnInvalidObjectType (http://localhost:5173/node_modules/.vite/deps/chunk-BCXODTBQ.js?v=1d06c898:9932:17)
    at reconcileChildFibers2 (http://localhost:5173/node_modules/.vite/deps/chunk-BCXODTBQ.js?v=1d06c898:10562:15)
    at reconcileChildren (http://localhost:5173/node_modules/.vite/deps/chunk-BCXODTBQ.js?v=1d06c898:14288:37)
    at updateHostComponent (http://localhost:5173/node_modules/.vite/deps/chunk-BCXODTBQ.js?v=1d06c898:14805:11)
    at beginWork (http://localhost:5173/node_modules/.vite/deps/chunk-BCXODTBQ.js?v=1d06c898:15933:22)
    at HTMLUnknownElement.callCallback2 (http://localhost:5173/node_modules/.vite/deps/chunk-BCXODTBQ.js?v=1d06c898:3672:22)
    at Object.invokeGuardedCallbackDev (http://localhost:5173/node_modules/.vite/deps/chunk-BCXODTBQ.js?v=1d06c898:3697:24)
    at invokeGuardedCallback (http://localhost:5173/node_modules/.vite/deps/chunk-BCXODTBQ.js?v=1d06c898:3731:39)
    at beginWork$1 (http://localhost:5173/node_modules/.vite/deps/chunk-BCXODTBQ.js?v=1d06c898:19763:15)
    at performUnitOfWork (http://localhost:5173/node_modules/.vite/deps/chunk-BCXODTBQ.js?v=1d06c898:19196:20)
[  552100ms] Error: Objects are not valid as a React child (found: object with keys {label, target}). If you meant to render a collection of children, use an array instead.
    at throwOnInvalidObjectType (http://localhost:5173/node_modules/.vite/deps/chunk-BCXODTBQ.js?v=1d06c898:9932:17)
    at reconcileChildFibers2 (http://localhost:5173/node_modules/.vite/deps/chunk-BCXODTBQ.js?v=1d06c898:10562:15)
    at reconcileChildren (http://localhost:5173/node_modules/.vite/deps/chunk-BCXODTBQ.js?v=1d06c898:14288:37)
    at updateHostComponent (http://localhost:5173/node_modules/.vite/deps/chunk-BCXODTBQ.js?v=1d06c898:14805:11)
    at beginWork (http://localhost:5173/node_modules/.vite/deps/chunk-BCXODTBQ.js?v=1d06c898:15933:22)
    at HTMLUnknownElement.callCallback2 (http://localhost:5173/node_modules/.vite/deps/chunk-BCXODTBQ.js?v=1d06c898:3672:22)
    at Object.invokeGuardedCallbackDev (http://localhost:5173/node_modules/.vite/deps/chunk-BCXODTBQ.js?v=1d06c898:3697:24)
    at invokeGuardedCallback (http://localhost:5173/node_modules/.vite/deps/chunk-BCXODTBQ.js?v=1d06c898:3731:39)
    at beginWork$1 (http://localhost:5173/node_modules/.vite/deps/chunk-BCXODTBQ.js?v=1d06c898:19763:15)
    at performUnitOfWork (http://localhost:5173/node_modules/.vite/deps/chunk-BCXODTBQ.js?v=1d06c898:19196:20)
[  552100ms] Error: Objects are not valid as a React child (found: object with keys {label, target}). If you meant to render a collection of children, use an array instead.
    at throwOnInvalidObjectType (http://localhost:5173/node_modules/.vite/deps/chunk-BCXODTBQ.js?v=1d06c898:9932:17)
    at reconcileChildFibers2 (http://localhost:5173/node_modules/.vite/deps/chunk-BCXODTBQ.js?v=1d06c898:10562:15)
    at reconcileChildren (http://localhost:5173/node_modules/.vite/deps/chunk-BCXODTBQ.js?v=1d06c898:14288:37)
    at updateHostComponent (http://localhost:5173/node_modules/.vite/deps/chunk-BCXODTBQ.js?v=1d06c898:14805:11)
    at beginWork (http://localhost:5173/node_modules/.vite/deps/chunk-BCXODTBQ.js?v=1d06c898:15933:22)
    at HTMLUnknownElement.callCallback2 (http://localhost:5173/node_modules/.vite/deps/chunk-BCXODTBQ.js?v=1d06c898:3672:22)
    at Object.invokeGuardedCallbackDev (http://localhost:5173/node_modules/.vite/deps/chunk-BCXODTBQ.js?v=1d06c898:3697:24)
    at invokeGuardedCallback (http://localhost:5173/node_modules/.vite/deps/chunk-BCXODTBQ.js?v=1d06c898:3731:39)
    at beginWork$1 (http://localhost:5173/node_modules/.vite/deps/chunk-BCXODTBQ.js?v=1d06c898:19763:15)
    at performUnitOfWork (http://localhost:5173/node_modules/.vite/deps/chunk-BCXODTBQ.js?v=1d06c898:19196:20)
[  552101ms] Error: Objects are not valid as a React child (found: object with keys {label, target}). If you meant to render a collection of children, use an array instead.
    at throwOnInvalidObjectType (http://localhost:5173/node_modules/.vite/deps/chunk-BCXODTBQ.js?v=1d06c898:9932:17)
    at reconcileChildFibers2 (http://localhost:5173/node_modules/.vite/deps/chunk-BCXODTBQ.js?v=1d06c898:10562:15)
    at reconcileChildren (http://localhost:5173/node_modules/.vite/deps/chunk-BCXODTBQ.js?v=1d06c898:14288:37)
    at updateHostComponent (http://localhost:5173/node_modules/.vite/deps/chunk-BCXODTBQ.js?v=1d06c898:14805:11)
    at beginWork (http://localhost:5173/node_modules/.vite/deps/chunk-BCXODTBQ.js?v=1d06c898:15933:22)
    at HTMLUnknownElement.callCallback2 (http://localhost:5173/node_modules/.vite/deps/chunk-BCXODTBQ.js?v=1d06c898:3672:22)
    at Object.invokeGuardedCallbackDev (http://localhost:5173/node_modules/.vite/deps/chunk-BCXODTBQ.js?v=1d06c898:3697:24)
    at invokeGuardedCallback (http://localhost:5173/node_modules/.vite/deps/chunk-BCXODTBQ.js?v=1d06c898:3731:39)
    at beginWork$1 (http://localhost:5173/node_modules/.vite/deps/chunk-BCXODTBQ.js?v=1d06c898:19763:15)
    at performUnitOfWork (http://localhost:5173/node_modules/.vite/deps/chunk-BCXODTBQ.js?v=1d06c898:19196:20)
[  552133ms] [ERROR] Warning: Encountered two children with the same key, `%s`. Keys should be unique so that components maintain their identity across updates. Non-unique keys may cause children to be duplicated and/or omitted — the behavior is unsupported and could change in a future version.%s [object Object] 
    at nav
    at div
    at header
    at MotionComponent (http://localhost:5173/node_modules/.vite/deps/framer-motion.js?v=1d06c898:943:40)
    at Navbar (http://localhost:5173/src/sections/Navbar.jsx?t=1782449508584:59:27)
    at div
    at VideoModalProvider (http://localhost:5173/src/components/VideoModal.jsx:29:38)
    at MotionConfig (http://localhost:5173/node_modules/.vite/deps/framer-motion.js?v=1d06c898:677:25)
    at App @ http://localhost:5173/node_modules/.vite/deps/chunk-BCXODTBQ.js?v=1d06c898:518
[  552133ms] [ERROR] Warning: Encountered two children with the same key, `%s`. Keys should be unique so that components maintain their identity across updates. Non-unique keys may cause children to be duplicated and/or omitted — the behavior is unsupported and could change in a future version.%s [object Object] 
    at nav
    at div
    at header
    at MotionComponent (http://localhost:5173/node_modules/.vite/deps/framer-motion.js?v=1d06c898:943:40)
    at Navbar (http://localhost:5173/src/sections/Navbar.jsx?t=1782449508584:59:27)
    at div
    at VideoModalProvider (http://localhost:5173/src/components/VideoModal.jsx:29:38)
    at MotionConfig (http://localhost:5173/node_modules/.vite/deps/framer-motion.js?v=1d06c898:677:25)
    at App @ http://localhost:5173/node_modules/.vite/deps/chunk-BCXODTBQ.js?v=1d06c898:518
[  552133ms] [ERROR] Warning: Encountered two children with the same key, `%s`. Keys should be unique so that components maintain their identity across updates. Non-unique keys may cause children to be duplicated and/or omitted — the behavior is unsupported and could change in a future version.%s [object Object] 
    at nav
    at div
    at header
    at MotionComponent (http://localhost:5173/node_modules/.vite/deps/framer-motion.js?v=1d06c898:943:40)
    at Navbar (http://localhost:5173/src/sections/Navbar.jsx?t=1782449508584:59:27)
    at div
    at VideoModalProvider (http://localhost:5173/src/components/VideoModal.jsx:29:38)
    at MotionConfig (http://localhost:5173/node_modules/.vite/deps/framer-motion.js?v=1d06c898:677:25)
    at App @ http://localhost:5173/node_modules/.vite/deps/chunk-BCXODTBQ.js?v=1d06c898:518
[  552133ms] [ERROR] Warning: Encountered two children with the same key, `%s`. Keys should be unique so that components maintain their identity across updates. Non-unique keys may cause children to be duplicated and/or omitted — the behavior is unsupported and could change in a future version.%s [object Object] 
    at nav
    at div
    at header
    at MotionComponent (http://localhost:5173/node_modules/.vite/deps/framer-motion.js?v=1d06c898:943:40)
    at Navbar (http://localhost:5173/src/sections/Navbar.jsx?t=1782449508584:59:27)
    at div
    at VideoModalProvider (http://localhost:5173/src/components/VideoModal.jsx:29:38)
    at MotionConfig (http://localhost:5173/node_modules/.vite/deps/framer-motion.js?v=1d06c898:677:25)
    at App @ http://localhost:5173/node_modules/.vite/deps/chunk-BCXODTBQ.js?v=1d06c898:518
[  552134ms] Error: Objects are not valid as a React child (found: object with keys {label, target}). If you meant to render a collection of children, use an array instead.
    at throwOnInvalidObjectType (http://localhost:5173/node_modules/.vite/deps/chunk-BCXODTBQ.js?v=1d06c898:9932:17)
    at reconcileChildFibers2 (http://localhost:5173/node_modules/.vite/deps/chunk-BCXODTBQ.js?v=1d06c898:10562:15)
    at reconcileChildren (http://localhost:5173/node_modules/.vite/deps/chunk-BCXODTBQ.js?v=1d06c898:14288:37)
    at updateHostComponent (http://localhost:5173/node_modules/.vite/deps/chunk-BCXODTBQ.js?v=1d06c898:14805:11)
    at beginWork (http://localhost:5173/node_modules/.vite/deps/chunk-BCXODTBQ.js?v=1d06c898:15933:22)
    at HTMLUnknownElement.callCallback2 (http://localhost:5173/node_modules/.vite/deps/chunk-BCXODTBQ.js?v=1d06c898:3672:22)
    at Object.invokeGuardedCallbackDev (http://localhost:5173/node_modules/.vite/deps/chunk-BCXODTBQ.js?v=1d06c898:3697:24)
    at invokeGuardedCallback (http://localhost:5173/node_modules/.vite/deps/chunk-BCXODTBQ.js?v=1d06c898:3731:39)
    at beginWork$1 (http://localhost:5173/node_modules/.vite/deps/chunk-BCXODTBQ.js?v=1d06c898:19763:15)
    at performUnitOfWork (http://localhost:5173/node_modules/.vite/deps/chunk-BCXODTBQ.js?v=1d06c898:19196:20)
[  552134ms] Error: Objects are not valid as a React child (found: object with keys {label, target}). If you meant to render a collection of children, use an array instead.
    at throwOnInvalidObjectType (http://localhost:5173/node_modules/.vite/deps/chunk-BCXODTBQ.js?v=1d06c898:9932:17)
    at reconcileChildFibers2 (http://localhost:5173/node_modules/.vite/deps/chunk-BCXODTBQ.js?v=1d06c898:10562:15)
    at reconcileChildren (http://localhost:5173/node_modules/.vite/deps/chunk-BCXODTBQ.js?v=1d06c898:14288:37)
    at updateHostComponent (http://localhost:5173/node_modules/.vite/deps/chunk-BCXODTBQ.js?v=1d06c898:14805:11)
    at beginWork (http://localhost:5173/node_modules/.vite/deps/chunk-BCXODTBQ.js?v=1d06c898:15933:22)
    at HTMLUnknownElement.callCallback2 (http://localhost:5173/node_modules/.vite/deps/chunk-BCXODTBQ.js?v=1d06c898:3672:22)
    at Object.invokeGuardedCallbackDev (http://localhost:5173/node_modules/.vite/deps/chunk-BCXODTBQ.js?v=1d06c898:3697:24)
    at invokeGuardedCallback (http://localhost:5173/node_modules/.vite/deps/chunk-BCXODTBQ.js?v=1d06c898:3731:39)
    at beginWork$1 (http://localhost:5173/node_modules/.vite/deps/chunk-BCXODTBQ.js?v=1d06c898:19763:15)
    at performUnitOfWork (http://localhost:5173/node_modules/.vite/deps/chunk-BCXODTBQ.js?v=1d06c898:19196:20)
[  552134ms] Error: Objects are not valid as a React child (found: object with keys {label, target}). If you meant to render a collection of children, use an array instead.
    at throwOnInvalidObjectType (http://localhost:5173/node_modules/.vite/deps/chunk-BCXODTBQ.js?v=1d06c898:9932:17)
    at reconcileChildFibers2 (http://localhost:5173/node_modules/.vite/deps/chunk-BCXODTBQ.js?v=1d06c898:10562:15)
    at reconcileChildren (http://localhost:5173/node_modules/.vite/deps/chunk-BCXODTBQ.js?v=1d06c898:14288:37)
    at updateHostComponent (http://localhost:5173/node_modules/.vite/deps/chunk-BCXODTBQ.js?v=1d06c898:14805:11)
    at beginWork (http://localhost:5173/node_modules/.vite/deps/chunk-BCXODTBQ.js?v=1d06c898:15933:22)
    at HTMLUnknownElement.callCallback2 (http://localhost:5173/node_modules/.vite/deps/chunk-BCXODTBQ.js?v=1d06c898:3672:22)
    at Object.invokeGuardedCallbackDev (http://localhost:5173/node_modules/.vite/deps/chunk-BCXODTBQ.js?v=1d06c898:3697:24)
    at invokeGuardedCallback (http://localhost:5173/node_modules/.vite/deps/chunk-BCXODTBQ.js?v=1d06c898:3731:39)
    at beginWork$1 (http://localhost:5173/node_modules/.vite/deps/chunk-BCXODTBQ.js?v=1d06c898:19763:15)
    at performUnitOfWork (http://localhost:5173/node_modules/.vite/deps/chunk-BCXODTBQ.js?v=1d06c898:19196:20)
[  552135ms] Error: Objects are not valid as a React child (found: object with keys {label, target}). If you meant to render a collection of children, use an array instead.
    at throwOnInvalidObjectType (http://localhost:5173/node_modules/.vite/deps/chunk-BCXODTBQ.js?v=1d06c898:9932:17)
    at reconcileChildFibers2 (http://localhost:5173/node_modules/.vite/deps/chunk-BCXODTBQ.js?v=1d06c898:10562:15)
    at reconcileChildren (http://localhost:5173/node_modules/.vite/deps/chunk-BCXODTBQ.js?v=1d06c898:14288:37)
    at updateHostComponent (http://localhost:5173/node_modules/.vite/deps/chunk-BCXODTBQ.js?v=1d06c898:14805:11)
    at beginWork (http://localhost:5173/node_modules/.vite/deps/chunk-BCXODTBQ.js?v=1d06c898:15933:22)
    at HTMLUnknownElement.callCallback2 (http://localhost:5173/node_modules/.vite/deps/chunk-BCXODTBQ.js?v=1d06c898:3672:22)
    at Object.invokeGuardedCallbackDev (http://localhost:5173/node_modules/.vite/deps/chunk-BCXODTBQ.js?v=1d06c898:3697:24)
    at invokeGuardedCallback (http://localhost:5173/node_modules/.vite/deps/chunk-BCXODTBQ.js?v=1d06c898:3731:39)
    at beginWork$1 (http://localhost:5173/node_modules/.vite/deps/chunk-BCXODTBQ.js?v=1d06c898:19763:15)
    at performUnitOfWork (http://localhost:5173/node_modules/.vite/deps/chunk-BCXODTBQ.js?v=1d06c898:19196:20)
[  552135ms] Error: Objects are not valid as a React child (found: object with keys {label, target}). If you meant to render a collection of children, use an array instead.
    at throwOnInvalidObjectType (http://localhost:5173/node_modules/.vite/deps/chunk-BCXODTBQ.js?v=1d06c898:9932:17)
    at reconcileChildFibers2 (http://localhost:5173/node_modules/.vite/deps/chunk-BCXODTBQ.js?v=1d06c898:10562:15)
    at reconcileChildren (http://localhost:5173/node_modules/.vite/deps/chunk-BCXODTBQ.js?v=1d06c898:14288:37)
    at updateHostComponent (http://localhost:5173/node_modules/.vite/deps/chunk-BCXODTBQ.js?v=1d06c898:14805:11)
    at beginWork (http://localhost:5173/node_modules/.vite/deps/chunk-BCXODTBQ.js?v=1d06c898:15933:22)
    at HTMLUnknownElement.callCallback2 (http://localhost:5173/node_modules/.vite/deps/chunk-BCXODTBQ.js?v=1d06c898:3672:22)
    at Object.invokeGuardedCallbackDev (http://localhost:5173/node_modules/.vite/deps/chunk-BCXODTBQ.js?v=1d06c898:3697:24)
    at invokeGuardedCallback (http://localhost:5173/node_modules/.vite/deps/chunk-BCXODTBQ.js?v=1d06c898:3731:39)
    at beginWork$1 (http://localhost:5173/node_modules/.vite/deps/chunk-BCXODTBQ.js?v=1d06c898:19763:15)
    at performUnitOfWork (http://localhost:5173/node_modules/.vite/deps/chunk-BCXODTBQ.js?v=1d06c898:19196:20)
[  552159ms] [ERROR] The above error occurred in the <a> component:

    at a
    at nav
    at div
    at header
    at MotionComponent (http://localhost:5173/node_modules/.vite/deps/framer-motion.js?v=1d06c898:943:40)
    at Navbar (http://localhost:5173/src/sections/Navbar.jsx?t=1782449508584:59:27)
    at div
    at VideoModalProvider (http://localhost:5173/src/components/VideoModal.jsx:29:38)
    at MotionConfig (http://localhost:5173/node_modules/.vite/deps/framer-motion.js?v=1d06c898:677:25)
    at App

Consider adding an error boundary to your tree to customize error handling behavior.
Visit https://reactjs.org/link/error-boundaries to learn more about error boundaries. @ http://localhost:5173/node_modules/.vite/deps/chunk-BCXODTBQ.js?v=1d06c898:14029
[  552160ms] [ERROR] The above error occurred in the <a> component:

    at a
    at nav
    at div
    at header
    at MotionComponent (http://localhost:5173/node_modules/.vite/deps/framer-motion.js?v=1d06c898:943:40)
    at Navbar (http://localhost:5173/src/sections/Navbar.jsx?t=1782449508584:59:27)
    at div
    at VideoModalProvider (http://localhost:5173/src/components/VideoModal.jsx:29:38)
    at MotionConfig (http://localhost:5173/node_modules/.vite/deps/framer-motion.js?v=1d06c898:677:25)
    at App

Consider adding an error boundary to your tree to customize error handling behavior.
Visit https://reactjs.org/link/error-boundaries to learn more about error boundaries. @ http://localhost:5173/node_modules/.vite/deps/chunk-BCXODTBQ.js?v=1d06c898:14029
[  552160ms] [ERROR] The above error occurred in the <a> component:

    at a
    at nav
    at div
    at header
    at MotionComponent (http://localhost:5173/node_modules/.vite/deps/framer-motion.js?v=1d06c898:943:40)
    at Navbar (http://localhost:5173/src/sections/Navbar.jsx?t=1782449508584:59:27)
    at div
    at VideoModalProvider (http://localhost:5173/src/components/VideoModal.jsx:29:38)
    at MotionConfig (http://localhost:5173/node_modules/.vite/deps/framer-motion.js?v=1d06c898:677:25)
    at App

Consider adding an error boundary to your tree to customize error handling behavior.
Visit https://reactjs.org/link/error-boundaries to learn more about error boundaries. @ http://localhost:5173/node_modules/.vite/deps/chunk-BCXODTBQ.js?v=1d06c898:14029
[  552160ms] [ERROR] The above error occurred in the <a> component:

    at a
    at nav
    at div
    at header
    at MotionComponent (http://localhost:5173/node_modules/.vite/deps/framer-motion.js?v=1d06c898:943:40)
    at Navbar (http://localhost:5173/src/sections/Navbar.jsx?t=1782449508584:59:27)
    at div
    at VideoModalProvider (http://localhost:5173/src/components/VideoModal.jsx:29:38)
    at MotionConfig (http://localhost:5173/node_modules/.vite/deps/framer-motion.js?v=1d06c898:677:25)
    at App

Consider adding an error boundary to your tree to customize error handling behavior.
Visit https://reactjs.org/link/error-boundaries to learn more about error boundaries. @ http://localhost:5173/node_modules/.vite/deps/chunk-BCXODTBQ.js?v=1d06c898:14029
[  552160ms] [ERROR] The above error occurred in the <a> component:

    at a
    at nav
    at div
    at header
    at MotionComponent (http://localhost:5173/node_modules/.vite/deps/framer-motion.js?v=1d06c898:943:40)
    at Navbar (http://localhost:5173/src/sections/Navbar.jsx?t=1782449508584:59:27)
    at div
    at VideoModalProvider (http://localhost:5173/src/components/VideoModal.jsx:29:38)
    at MotionConfig (http://localhost:5173/node_modules/.vite/deps/framer-motion.js?v=1d06c898:677:25)
    at App

Consider adding an error boundary to your tree to customize error handling behavior.
Visit https://reactjs.org/link/error-boundaries to learn more about error boundaries. @ http://localhost:5173/node_modules/.vite/deps/chunk-BCXODTBQ.js?v=1d06c898:14029
[  552166ms] Error: Objects are not valid as a React child (found: object with keys {label, target}). If you meant to render a collection of children, use an array instead.
    at throwOnInvalidObjectType (http://localhost:5173/node_modules/.vite/deps/chunk-BCXODTBQ.js?v=1d06c898:9932:17)
    at reconcileChildFibers2 (http://localhost:5173/node_modules/.vite/deps/chunk-BCXODTBQ.js?v=1d06c898:10562:15)
    at reconcileChildren (http://localhost:5173/node_modules/.vite/deps/chunk-BCXODTBQ.js?v=1d06c898:14288:37)
    at updateHostComponent (http://localhost:5173/node_modules/.vite/deps/chunk-BCXODTBQ.js?v=1d06c898:14805:11)
    at beginWork (http://localhost:5173/node_modules/.vite/deps/chunk-BCXODTBQ.js?v=1d06c898:15933:22)
    at beginWork$1 (http://localhost:5173/node_modules/.vite/deps/chunk-BCXODTBQ.js?v=1d06c898:19751:22)
    at performUnitOfWork (http://localhost:5173/node_modules/.vite/deps/chunk-BCXODTBQ.js?v=1d06c898:19196:20)
    at workLoopSync (http://localhost:5173/node_modules/.vite/deps/chunk-BCXODTBQ.js?v=1d06c898:19135:13)
    at renderRootSync (http://localhost:5173/node_modules/.vite/deps/chunk-BCXODTBQ.js?v=1d06c898:19114:15)
    at recoverFromConcurrentError (http://localhost:5173/node_modules/.vite/deps/chunk-BCXODTBQ.js?v=1d06c898:18734:28)
[  560253ms] [ERROR] Warning: Encountered two children with the same key, `%s`. Keys should be unique so that components maintain their identity across updates. Non-unique keys may cause children to be duplicated and/or omitted — the behavior is unsupported and could change in a future version.%s [object Object] 
    at nav
    at div
    at header
    at MotionComponent (http://localhost:5173/node_modules/.vite/deps/framer-motion.js?v=1d06c898:943:40)
    at Navbar (http://localhost:5173/src/sections/Navbar.jsx?t=1782449508584:59:27)
    at div
    at VideoModalProvider (http://localhost:5173/src/components/VideoModal.jsx:29:38)
    at MotionConfig (http://localhost:5173/node_modules/.vite/deps/framer-motion.js?v=1d06c898:677:25)
    at App @ http://localhost:5173/node_modules/.vite/deps/chunk-BCXODTBQ.js?v=1d06c898:518
[  560254ms] [ERROR] Warning: Encountered two children with the same key, `%s`. Keys should be unique so that components maintain their identity across updates. Non-unique keys may cause children to be duplicated and/or omitted — the behavior is unsupported and could change in a future version.%s [object Object] 
    at nav
    at div
    at header
    at MotionComponent (http://localhost:5173/node_modules/.vite/deps/framer-motion.js?v=1d06c898:943:40)
    at Navbar (http://localhost:5173/src/sections/Navbar.jsx?t=1782449508584:59:27)
    at div
    at VideoModalProvider (http://localhost:5173/src/components/VideoModal.jsx:29:38)
    at MotionConfig (http://localhost:5173/node_modules/.vite/deps/framer-motion.js?v=1d06c898:677:25)
    at App @ http://localhost:5173/node_modules/.vite/deps/chunk-BCXODTBQ.js?v=1d06c898:518
[  560254ms] [ERROR] Warning: Encountered two children with the same key, `%s`. Keys should be unique so that components maintain their identity across updates. Non-unique keys may cause children to be duplicated and/or omitted — the behavior is unsupported and could change in a future version.%s [object Object] 
    at nav
    at div
    at header
    at MotionComponent (http://localhost:5173/node_modules/.vite/deps/framer-motion.js?v=1d06c898:943:40)
    at Navbar (http://localhost:5173/src/sections/Navbar.jsx?t=1782449508584:59:27)
    at div
    at VideoModalProvider (http://localhost:5173/src/components/VideoModal.jsx:29:38)
    at MotionConfig (http://localhost:5173/node_modules/.vite/deps/framer-motion.js?v=1d06c898:677:25)
    at App @ http://localhost:5173/node_modules/.vite/deps/chunk-BCXODTBQ.js?v=1d06c898:518
[  560254ms] [ERROR] Warning: Encountered two children with the same key, `%s`. Keys should be unique so that components maintain their identity across updates. Non-unique keys may cause children to be duplicated and/or omitted — the behavior is unsupported and could change in a future version.%s [object Object] 
    at nav
    at div
    at header
    at MotionComponent (http://localhost:5173/node_modules/.vite/deps/framer-motion.js?v=1d06c898:943:40)
    at Navbar (http://localhost:5173/src/sections/Navbar.jsx?t=1782449508584:59:27)
    at div
    at VideoModalProvider (http://localhost:5173/src/components/VideoModal.jsx:29:38)
    at MotionConfig (http://localhost:5173/node_modules/.vite/deps/framer-motion.js?v=1d06c898:677:25)
    at App @ http://localhost:5173/node_modules/.vite/deps/chunk-BCXODTBQ.js?v=1d06c898:518
[  560255ms] Error: Objects are not valid as a React child (found: object with keys {label, target}). If you meant to render a collection of children, use an array instead.
    at throwOnInvalidObjectType (http://localhost:5173/node_modules/.vite/deps/chunk-BCXODTBQ.js?v=1d06c898:9932:17)
    at reconcileChildFibers2 (http://localhost:5173/node_modules/.vite/deps/chunk-BCXODTBQ.js?v=1d06c898:10562:15)
    at reconcileChildren (http://localhost:5173/node_modules/.vite/deps/chunk-BCXODTBQ.js?v=1d06c898:14288:37)
    at updateHostComponent (http://localhost:5173/node_modules/.vite/deps/chunk-BCXODTBQ.js?v=1d06c898:14805:11)
    at beginWork (http://localhost:5173/node_modules/.vite/deps/chunk-BCXODTBQ.js?v=1d06c898:15933:22)
    at HTMLUnknownElement.callCallback2 (http://localhost:5173/node_modules/.vite/deps/chunk-BCXODTBQ.js?v=1d06c898:3672:22)
    at Object.invokeGuardedCallbackDev (http://localhost:5173/node_modules/.vite/deps/chunk-BCXODTBQ.js?v=1d06c898:3697:24)
    at invokeGuardedCallback (http://localhost:5173/node_modules/.vite/deps/chunk-BCXODTBQ.js?v=1d06c898:3731:39)
    at beginWork$1 (http://localhost:5173/node_modules/.vite/deps/chunk-BCXODTBQ.js?v=1d06c898:19763:15)
    at performUnitOfWork (http://localhost:5173/node_modules/.vite/deps/chunk-BCXODTBQ.js?v=1d06c898:19196:20)
[  560256ms] Error: Objects are not valid as a React child (found: object with keys {label, target}). If you meant to render a collection of children, use an array instead.
    at throwOnInvalidObjectType (http://localhost:5173/node_modules/.vite/deps/chunk-BCXODTBQ.js?v=1d06c898:9932:17)
    at reconcileChildFibers2 (http://localhost:5173/node_modules/.vite/deps/chunk-BCXODTBQ.js?v=1d06c898:10562:15)
    at reconcileChildren (http://localhost:5173/node_modules/.vite/deps/chunk-BCXODTBQ.js?v=1d06c898:14288:37)
    at updateHostComponent (http://localhost:5173/node_modules/.vite/deps/chunk-BCXODTBQ.js?v=1d06c898:14805:11)
    at beginWork (http://localhost:5173/node_modules/.vite/deps/chunk-BCXODTBQ.js?v=1d06c898:15933:22)
    at HTMLUnknownElement.callCallback2 (http://localhost:5173/node_modules/.vite/deps/chunk-BCXODTBQ.js?v=1d06c898:3672:22)
    at Object.invokeGuardedCallbackDev (http://localhost:5173/node_modules/.vite/deps/chunk-BCXODTBQ.js?v=1d06c898:3697:24)
    at invokeGuardedCallback (http://localhost:5173/node_modules/.vite/deps/chunk-BCXODTBQ.js?v=1d06c898:3731:39)
    at beginWork$1 (http://localhost:5173/node_modules/.vite/deps/chunk-BCXODTBQ.js?v=1d06c898:19763:15)
    at performUnitOfWork (http://localhost:5173/node_modules/.vite/deps/chunk-BCXODTBQ.js?v=1d06c898:19196:20)
[  560256ms] Error: Objects are not valid as a React child (found: object with keys {label, target}). If you meant to render a collection of children, use an array instead.
    at throwOnInvalidObjectType (http://localhost:5173/node_modules/.vite/deps/chunk-BCXODTBQ.js?v=1d06c898:9932:17)
    at reconcileChildFibers2 (http://localhost:5173/node_modules/.vite/deps/chunk-BCXODTBQ.js?v=1d06c898:10562:15)
    at reconcileChildren (http://localhost:5173/node_modules/.vite/deps/chunk-BCXODTBQ.js?v=1d06c898:14288:37)
    at updateHostComponent (http://localhost:5173/node_modules/.vite/deps/chunk-BCXODTBQ.js?v=1d06c898:14805:11)
    at beginWork (http://localhost:5173/node_modules/.vite/deps/chunk-BCXODTBQ.js?v=1d06c898:15933:22)
    at HTMLUnknownElement.callCallback2 (http://localhost:5173/node_modules/.vite/deps/chunk-BCXODTBQ.js?v=1d06c898:3672:22)
    at Object.invokeGuardedCallbackDev (http://localhost:5173/node_modules/.vite/deps/chunk-BCXODTBQ.js?v=1d06c898:3697:24)
    at invokeGuardedCallback (http://localhost:5173/node_modules/.vite/deps/chunk-BCXODTBQ.js?v=1d06c898:3731:39)
    at beginWork$1 (http://localhost:5173/node_modules/.vite/deps/chunk-BCXODTBQ.js?v=1d06c898:19763:15)
    at performUnitOfWork (http://localhost:5173/node_modules/.vite/deps/chunk-BCXODTBQ.js?v=1d06c898:19196:20)
[  560256ms] Error: Objects are not valid as a React child (found: object with keys {label, target}). If you meant to render a collection of children, use an array instead.
    at throwOnInvalidObjectType (http://localhost:5173/node_modules/.vite/deps/chunk-BCXODTBQ.js?v=1d06c898:9932:17)
    at reconcileChildFibers2 (http://localhost:5173/node_modules/.vite/deps/chunk-BCXODTBQ.js?v=1d06c898:10562:15)
    at reconcileChildren (http://localhost:5173/node_modules/.vite/deps/chunk-BCXODTBQ.js?v=1d06c898:14288:37)
    at updateHostComponent (http://localhost:5173/node_modules/.vite/deps/chunk-BCXODTBQ.js?v=1d06c898:14805:11)
    at beginWork (http://localhost:5173/node_modules/.vite/deps/chunk-BCXODTBQ.js?v=1d06c898:15933:22)
    at HTMLUnknownElement.callCallback2 (http://localhost:5173/node_modules/.vite/deps/chunk-BCXODTBQ.js?v=1d06c898:3672:22)
    at Object.invokeGuardedCallbackDev (http://localhost:5173/node_modules/.vite/deps/chunk-BCXODTBQ.js?v=1d06c898:3697:24)
    at invokeGuardedCallback (http://localhost:5173/node_modules/.vite/deps/chunk-BCXODTBQ.js?v=1d06c898:3731:39)
    at beginWork$1 (http://localhost:5173/node_modules/.vite/deps/chunk-BCXODTBQ.js?v=1d06c898:19763:15)
    at performUnitOfWork (http://localhost:5173/node_modules/.vite/deps/chunk-BCXODTBQ.js?v=1d06c898:19196:20)
[  560256ms] Error: Objects are not valid as a React child (found: object with keys {label, target}). If you meant to render a collection of children, use an array instead.
    at throwOnInvalidObjectType (http://localhost:5173/node_modules/.vite/deps/chunk-BCXODTBQ.js?v=1d06c898:9932:17)
    at reconcileChildFibers2 (http://localhost:5173/node_modules/.vite/deps/chunk-BCXODTBQ.js?v=1d06c898:10562:15)
    at reconcileChildren (http://localhost:5173/node_modules/.vite/deps/chunk-BCXODTBQ.js?v=1d06c898:14288:37)
    at updateHostComponent (http://localhost:5173/node_modules/.vite/deps/chunk-BCXODTBQ.js?v=1d06c898:14805:11)
    at beginWork (http://localhost:5173/node_modules/.vite/deps/chunk-BCXODTBQ.js?v=1d06c898:15933:22)
    at HTMLUnknownElement.callCallback2 (http://localhost:5173/node_modules/.vite/deps/chunk-BCXODTBQ.js?v=1d06c898:3672:22)
    at Object.invokeGuardedCallbackDev (http://localhost:5173/node_modules/.vite/deps/chunk-BCXODTBQ.js?v=1d06c898:3697:24)
    at invokeGuardedCallback (http://localhost:5173/node_modules/.vite/deps/chunk-BCXODTBQ.js?v=1d06c898:3731:39)
    at beginWork$1 (http://localhost:5173/node_modules/.vite/deps/chunk-BCXODTBQ.js?v=1d06c898:19763:15)
    at performUnitOfWork (http://localhost:5173/node_modules/.vite/deps/chunk-BCXODTBQ.js?v=1d06c898:19196:20)
[  560284ms] [ERROR] Warning: Encountered two children with the same key, `%s`. Keys should be unique so that components maintain their identity across updates. Non-unique keys may cause children to be duplicated and/or omitted — the behavior is unsupported and could change in a future version.%s [object Object] 
    at nav
    at div
    at header
    at MotionComponent (http://localhost:5173/node_modules/.vite/deps/framer-motion.js?v=1d06c898:943:40)
    at Navbar (http://localhost:5173/src/sections/Navbar.jsx?t=1782449508584:59:27)
    at div
    at VideoModalProvider (http://localhost:5173/src/components/VideoModal.jsx:29:38)
    at MotionConfig (http://localhost:5173/node_modules/.vite/deps/framer-motion.js?v=1d06c898:677:25)
    at App @ http://localhost:5173/node_modules/.vite/deps/chunk-BCXODTBQ.js?v=1d06c898:518
[  560285ms] [ERROR] Warning: Encountered two children with the same key, `%s`. Keys should be unique so that components maintain their identity across updates. Non-unique keys may cause children to be duplicated and/or omitted — the behavior is unsupported and could change in a future version.%s [object Object] 
    at nav
    at div
    at header
    at MotionComponent (http://localhost:5173/node_modules/.vite/deps/framer-motion.js?v=1d06c898:943:40)
    at Navbar (http://localhost:5173/src/sections/Navbar.jsx?t=1782449508584:59:27)
    at div
    at VideoModalProvider (http://localhost:5173/src/components/VideoModal.jsx:29:38)
    at MotionConfig (http://localhost:5173/node_modules/.vite/deps/framer-motion.js?v=1d06c898:677:25)
    at App @ http://localhost:5173/node_modules/.vite/deps/chunk-BCXODTBQ.js?v=1d06c898:518
[  560285ms] [ERROR] Warning: Encountered two children with the same key, `%s`. Keys should be unique so that components maintain their identity across updates. Non-unique keys may cause children to be duplicated and/or omitted — the behavior is unsupported and could change in a future version.%s [object Object] 
    at nav
    at div
    at header
    at MotionComponent (http://localhost:5173/node_modules/.vite/deps/framer-motion.js?v=1d06c898:943:40)
    at Navbar (http://localhost:5173/src/sections/Navbar.jsx?t=1782449508584:59:27)
    at div
    at VideoModalProvider (http://localhost:5173/src/components/VideoModal.jsx:29:38)
    at MotionConfig (http://localhost:5173/node_modules/.vite/deps/framer-motion.js?v=1d06c898:677:25)
    at App @ http://localhost:5173/node_modules/.vite/deps/chunk-BCXODTBQ.js?v=1d06c898:518
[  560285ms] [ERROR] Warning: Encountered two children with the same key, `%s`. Keys should be unique so that components maintain their identity across updates. Non-unique keys may cause children to be duplicated and/or omitted — the behavior is unsupported and could change in a future version.%s [object Object] 
    at nav
    at div
    at header
    at MotionComponent (http://localhost:5173/node_modules/.vite/deps/framer-motion.js?v=1d06c898:943:40)
    at Navbar (http://localhost:5173/src/sections/Navbar.jsx?t=1782449508584:59:27)
    at div
    at VideoModalProvider (http://localhost:5173/src/components/VideoModal.jsx:29:38)
    at MotionConfig (http://localhost:5173/node_modules/.vite/deps/framer-motion.js?v=1d06c898:677:25)
    at App @ http://localhost:5173/node_modules/.vite/deps/chunk-BCXODTBQ.js?v=1d06c898:518
[  560286ms] Error: Objects are not valid as a React child (found: object with keys {label, target}). If you meant to render a collection of children, use an array instead.
    at throwOnInvalidObjectType (http://localhost:5173/node_modules/.vite/deps/chunk-BCXODTBQ.js?v=1d06c898:9932:17)
    at reconcileChildFibers2 (http://localhost:5173/node_modules/.vite/deps/chunk-BCXODTBQ.js?v=1d06c898:10562:15)
    at reconcileChildren (http://localhost:5173/node_modules/.vite/deps/chunk-BCXODTBQ.js?v=1d06c898:14288:37)
    at updateHostComponent (http://localhost:5173/node_modules/.vite/deps/chunk-BCXODTBQ.js?v=1d06c898:14805:11)
    at beginWork (http://localhost:5173/node_modules/.vite/deps/chunk-BCXODTBQ.js?v=1d06c898:15933:22)
    at HTMLUnknownElement.callCallback2 (http://localhost:5173/node_modules/.vite/deps/chunk-BCXODTBQ.js?v=1d06c898:3672:22)
    at Object.invokeGuardedCallbackDev (http://localhost:5173/node_modules/.vite/deps/chunk-BCXODTBQ.js?v=1d06c898:3697:24)
    at invokeGuardedCallback (http://localhost:5173/node_modules/.vite/deps/chunk-BCXODTBQ.js?v=1d06c898:3731:39)
    at beginWork$1 (http://localhost:5173/node_modules/.vite/deps/chunk-BCXODTBQ.js?v=1d06c898:19763:15)
    at performUnitOfWork (http://localhost:5173/node_modules/.vite/deps/chunk-BCXODTBQ.js?v=1d06c898:19196:20)
[  560287ms] Error: Objects are not valid as a React child (found: object with keys {label, target}). If you meant to render a collection of children, use an array instead.
    at throwOnInvalidObjectType (http://localhost:5173/node_modules/.vite/deps/chunk-BCXODTBQ.js?v=1d06c898:9932:17)
    at reconcileChildFibers2 (http://localhost:5173/node_modules/.vite/deps/chunk-BCXODTBQ.js?v=1d06c898:10562:15)
    at reconcileChildren (http://localhost:5173/node_modules/.vite/deps/chunk-BCXODTBQ.js?v=1d06c898:14288:37)
    at updateHostComponent (http://localhost:5173/node_modules/.vite/deps/chunk-BCXODTBQ.js?v=1d06c898:14805:11)
    at beginWork (http://localhost:5173/node_modules/.vite/deps/chunk-BCXODTBQ.js?v=1d06c898:15933:22)
    at HTMLUnknownElement.callCallback2 (http://localhost:5173/node_modules/.vite/deps/chunk-BCXODTBQ.js?v=1d06c898:3672:22)
    at Object.invokeGuardedCallbackDev (http://localhost:5173/node_modules/.vite/deps/chunk-BCXODTBQ.js?v=1d06c898:3697:24)
    at invokeGuardedCallback (http://localhost:5173/node_modules/.vite/deps/chunk-BCXODTBQ.js?v=1d06c898:3731:39)
    at beginWork$1 (http://localhost:5173/node_modules/.vite/deps/chunk-BCXODTBQ.js?v=1d06c898:19763:15)
    at performUnitOfWork (http://localhost:5173/node_modules/.vite/deps/chunk-BCXODTBQ.js?v=1d06c898:19196:20)
[  560287ms] Error: Objects are not valid as a React child (found: object with keys {label, target}). If you meant to render a collection of children, use an array instead.
    at throwOnInvalidObjectType (http://localhost:5173/node_modules/.vite/deps/chunk-BCXODTBQ.js?v=1d06c898:9932:17)
    at reconcileChildFibers2 (http://localhost:5173/node_modules/.vite/deps/chunk-BCXODTBQ.js?v=1d06c898:10562:15)
    at reconcileChildren (http://localhost:5173/node_modules/.vite/deps/chunk-BCXODTBQ.js?v=1d06c898:14288:37)
    at updateHostComponent (http://localhost:5173/node_modules/.vite/deps/chunk-BCXODTBQ.js?v=1d06c898:14805:11)
    at beginWork (http://localhost:5173/node_modules/.vite/deps/chunk-BCXODTBQ.js?v=1d06c898:15933:22)
    at HTMLUnknownElement.callCallback2 (http://localhost:5173/node_modules/.vite/deps/chunk-BCXODTBQ.js?v=1d06c898:3672:22)
    at Object.invokeGuardedCallbackDev (http://localhost:5173/node_modules/.vite/deps/chunk-BCXODTBQ.js?v=1d06c898:3697:24)
    at invokeGuardedCallback (http://localhost:5173/node_modules/.vite/deps/chunk-BCXODTBQ.js?v=1d06c898:3731:39)
    at beginWork$1 (http://localhost:5173/node_modules/.vite/deps/chunk-BCXODTBQ.js?v=1d06c898:19763:15)
    at performUnitOfWork (http://localhost:5173/node_modules/.vite/deps/chunk-BCXODTBQ.js?v=1d06c898:19196:20)
[  560287ms] Error: Objects are not valid as a React child (found: object with keys {label, target}). If you meant to render a collection of children, use an array instead.
    at throwOnInvalidObjectType (http://localhost:5173/node_modules/.vite/deps/chunk-BCXODTBQ.js?v=1d06c898:9932:17)
    at reconcileChildFibers2 (http://localhost:5173/node_modules/.vite/deps/chunk-BCXODTBQ.js?v=1d06c898:10562:15)
    at reconcileChildren (http://localhost:5173/node_modules/.vite/deps/chunk-BCXODTBQ.js?v=1d06c898:14288:37)
    at updateHostComponent (http://localhost:5173/node_modules/.vite/deps/chunk-BCXODTBQ.js?v=1d06c898:14805:11)
    at beginWork (http://localhost:5173/node_modules/.vite/deps/chunk-BCXODTBQ.js?v=1d06c898:15933:22)
    at HTMLUnknownElement.callCallback2 (http://localhost:5173/node_modules/.vite/deps/chunk-BCXODTBQ.js?v=1d06c898:3672:22)
    at Object.invokeGuardedCallbackDev (http://localhost:5173/node_modules/.vite/deps/chunk-BCXODTBQ.js?v=1d06c898:3697:24)
    at invokeGuardedCallback (http://localhost:5173/node_modules/.vite/deps/chunk-BCXODTBQ.js?v=1d06c898:3731:39)
    at beginWork$1 (http://localhost:5173/node_modules/.vite/deps/chunk-BCXODTBQ.js?v=1d06c898:19763:15)
    at performUnitOfWork (http://localhost:5173/node_modules/.vite/deps/chunk-BCXODTBQ.js?v=1d06c898:19196:20)
[  560288ms] Error: Objects are not valid as a React child (found: object with keys {label, target}). If you meant to render a collection of children, use an array instead.
    at throwOnInvalidObjectType (http://localhost:5173/node_modules/.vite/deps/chunk-BCXODTBQ.js?v=1d06c898:9932:17)
    at reconcileChildFibers2 (http://localhost:5173/node_modules/.vite/deps/chunk-BCXODTBQ.js?v=1d06c898:10562:15)
    at reconcileChildren (http://localhost:5173/node_modules/.vite/deps/chunk-BCXODTBQ.js?v=1d06c898:14288:37)
    at updateHostComponent (http://localhost:5173/node_modules/.vite/deps/chunk-BCXODTBQ.js?v=1d06c898:14805:11)
    at beginWork (http://localhost:5173/node_modules/.vite/deps/chunk-BCXODTBQ.js?v=1d06c898:15933:22)
    at HTMLUnknownElement.callCallback2 (http://localhost:5173/node_modules/.vite/deps/chunk-BCXODTBQ.js?v=1d06c898:3672:22)
    at Object.invokeGuardedCallbackDev (http://localhost:5173/node_modules/.vite/deps/chunk-BCXODTBQ.js?v=1d06c898:3697:24)
    at invokeGuardedCallback (http://localhost:5173/node_modules/.vite/deps/chunk-BCXODTBQ.js?v=1d06c898:3731:39)
    at beginWork$1 (http://localhost:5173/node_modules/.vite/deps/chunk-BCXODTBQ.js?v=1d06c898:19763:15)
    at performUnitOfWork (http://localhost:5173/node_modules/.vite/deps/chunk-BCXODTBQ.js?v=1d06c898:19196:20)
[  560324ms] [ERROR] The above error occurred in the <a> component:

    at a
    at nav
    at div
    at header
    at MotionComponent (http://localhost:5173/node_modules/.vite/deps/framer-motion.js?v=1d06c898:943:40)
    at Navbar (http://localhost:5173/src/sections/Navbar.jsx?t=1782449508584:59:27)
    at div
    at VideoModalProvider (http://localhost:5173/src/components/VideoModal.jsx:29:38)
    at MotionConfig (http://localhost:5173/node_modules/.vite/deps/framer-motion.js?v=1d06c898:677:25)
    at App

Consider adding an error boundary to your tree to customize error handling behavior.
Visit https://reactjs.org/link/error-boundaries to learn more about error boundaries. @ http://localhost:5173/node_modules/.vite/deps/chunk-BCXODTBQ.js?v=1d06c898:14029
[  560324ms] [ERROR] The above error occurred in the <a> component:

    at a
    at nav
    at div
    at header
    at MotionComponent (http://localhost:5173/node_modules/.vite/deps/framer-motion.js?v=1d06c898:943:40)
    at Navbar (http://localhost:5173/src/sections/Navbar.jsx?t=1782449508584:59:27)
    at div
    at VideoModalProvider (http://localhost:5173/src/components/VideoModal.jsx:29:38)
    at MotionConfig (http://localhost:5173/node_modules/.vite/deps/framer-motion.js?v=1d06c898:677:25)
    at App

Consider adding an error boundary to your tree to customize error handling behavior.
Visit https://reactjs.org/link/error-boundaries to learn more about error boundaries. @ http://localhost:5173/node_modules/.vite/deps/chunk-BCXODTBQ.js?v=1d06c898:14029
[  560324ms] [ERROR] The above error occurred in the <a> component:

    at a
    at nav
    at div
    at header
    at MotionComponent (http://localhost:5173/node_modules/.vite/deps/framer-motion.js?v=1d06c898:943:40)
    at Navbar (http://localhost:5173/src/sections/Navbar.jsx?t=1782449508584:59:27)
    at div
    at VideoModalProvider (http://localhost:5173/src/components/VideoModal.jsx:29:38)
    at MotionConfig (http://localhost:5173/node_modules/.vite/deps/framer-motion.js?v=1d06c898:677:25)
    at App

Consider adding an error boundary to your tree to customize error handling behavior.
Visit https://reactjs.org/link/error-boundaries to learn more about error boundaries. @ http://localhost:5173/node_modules/.vite/deps/chunk-BCXODTBQ.js?v=1d06c898:14029
[  560324ms] [ERROR] The above error occurred in the <a> component:

    at a
    at nav
    at div
    at header
    at MotionComponent (http://localhost:5173/node_modules/.vite/deps/framer-motion.js?v=1d06c898:943:40)
    at Navbar (http://localhost:5173/src/sections/Navbar.jsx?t=1782449508584:59:27)
    at div
    at VideoModalProvider (http://localhost:5173/src/components/VideoModal.jsx:29:38)
    at MotionConfig (http://localhost:5173/node_modules/.vite/deps/framer-motion.js?v=1d06c898:677:25)
    at App

Consider adding an error boundary to your tree to customize error handling behavior.
Visit https://reactjs.org/link/error-boundaries to learn more about error boundaries. @ http://localhost:5173/node_modules/.vite/deps/chunk-BCXODTBQ.js?v=1d06c898:14029
[  560324ms] [ERROR] The above error occurred in the <a> component:

    at a
    at nav
    at div
    at header
    at MotionComponent (http://localhost:5173/node_modules/.vite/deps/framer-motion.js?v=1d06c898:943:40)
    at Navbar (http://localhost:5173/src/sections/Navbar.jsx?t=1782449508584:59:27)
    at div
    at VideoModalProvider (http://localhost:5173/src/components/VideoModal.jsx:29:38)
    at MotionConfig (http://localhost:5173/node_modules/.vite/deps/framer-motion.js?v=1d06c898:677:25)
    at App

Consider adding an error boundary to your tree to customize error handling behavior.
Visit https://reactjs.org/link/error-boundaries to learn more about error boundaries. @ http://localhost:5173/node_modules/.vite/deps/chunk-BCXODTBQ.js?v=1d06c898:14029
[  560326ms] Error: Objects are not valid as a React child (found: object with keys {label, target}). If you meant to render a collection of children, use an array instead.
    at throwOnInvalidObjectType (http://localhost:5173/node_modules/.vite/deps/chunk-BCXODTBQ.js?v=1d06c898:9932:17)
    at reconcileChildFibers2 (http://localhost:5173/node_modules/.vite/deps/chunk-BCXODTBQ.js?v=1d06c898:10562:15)
    at reconcileChildren (http://localhost:5173/node_modules/.vite/deps/chunk-BCXODTBQ.js?v=1d06c898:14288:37)
    at updateHostComponent (http://localhost:5173/node_modules/.vite/deps/chunk-BCXODTBQ.js?v=1d06c898:14805:11)
    at beginWork (http://localhost:5173/node_modules/.vite/deps/chunk-BCXODTBQ.js?v=1d06c898:15933:22)
    at beginWork$1 (http://localhost:5173/node_modules/.vite/deps/chunk-BCXODTBQ.js?v=1d06c898:19751:22)
    at performUnitOfWork (http://localhost:5173/node_modules/.vite/deps/chunk-BCXODTBQ.js?v=1d06c898:19196:20)
    at workLoopSync (http://localhost:5173/node_modules/.vite/deps/chunk-BCXODTBQ.js?v=1d06c898:19135:13)
    at renderRootSync (http://localhost:5173/node_modules/.vite/deps/chunk-BCXODTBQ.js?v=1d06c898:19114:15)
    at recoverFromConcurrentError (http://localhost:5173/node_modules/.vite/deps/chunk-BCXODTBQ.js?v=1d06c898:18734:28)
[  570991ms] [ERROR] Warning: Encountered two children with the same key, `%s`. Keys should be unique so that components maintain their identity across updates. Non-unique keys may cause children to be duplicated and/or omitted — the behavior is unsupported and could change in a future version.%s [object Object] 
    at nav
    at div
    at header
    at MotionComponent (http://localhost:5173/node_modules/.vite/deps/framer-motion.js?v=1d06c898:943:40)
    at Navbar (http://localhost:5173/src/sections/Navbar.jsx?t=1782449508584:59:27)
    at div
    at VideoModalProvider (http://localhost:5173/src/components/VideoModal.jsx:29:38)
    at MotionConfig (http://localhost:5173/node_modules/.vite/deps/framer-motion.js?v=1d06c898:677:25)
    at App @ http://localhost:5173/node_modules/.vite/deps/chunk-BCXODTBQ.js?v=1d06c898:518
[  570992ms] [ERROR] Warning: Encountered two children with the same key, `%s`. Keys should be unique so that components maintain their identity across updates. Non-unique keys may cause children to be duplicated and/or omitted — the behavior is unsupported and could change in a future version.%s [object Object] 
    at nav
    at div
    at header
    at MotionComponent (http://localhost:5173/node_modules/.vite/deps/framer-motion.js?v=1d06c898:943:40)
    at Navbar (http://localhost:5173/src/sections/Navbar.jsx?t=1782449508584:59:27)
    at div
    at VideoModalProvider (http://localhost:5173/src/components/VideoModal.jsx:29:38)
    at MotionConfig (http://localhost:5173/node_modules/.vite/deps/framer-motion.js?v=1d06c898:677:25)
    at App @ http://localhost:5173/node_modules/.vite/deps/chunk-BCXODTBQ.js?v=1d06c898:518
[  570992ms] [ERROR] Warning: Encountered two children with the same key, `%s`. Keys should be unique so that components maintain their identity across updates. Non-unique keys may cause children to be duplicated and/or omitted — the behavior is unsupported and could change in a future version.%s [object Object] 
    at nav
    at div
    at header
    at MotionComponent (http://localhost:5173/node_modules/.vite/deps/framer-motion.js?v=1d06c898:943:40)
    at Navbar (http://localhost:5173/src/sections/Navbar.jsx?t=1782449508584:59:27)
    at div
    at VideoModalProvider (http://localhost:5173/src/components/VideoModal.jsx:29:38)
    at MotionConfig (http://localhost:5173/node_modules/.vite/deps/framer-motion.js?v=1d06c898:677:25)
    at App @ http://localhost:5173/node_modules/.vite/deps/chunk-BCXODTBQ.js?v=1d06c898:518
[  570992ms] [ERROR] Warning: Encountered two children with the same key, `%s`. Keys should be unique so that components maintain their identity across updates. Non-unique keys may cause children to be duplicated and/or omitted — the behavior is unsupported and could change in a future version.%s [object Object] 
    at nav
    at div
    at header
    at MotionComponent (http://localhost:5173/node_modules/.vite/deps/framer-motion.js?v=1d06c898:943:40)
    at Navbar (http://localhost:5173/src/sections/Navbar.jsx?t=1782449508584:59:27)
    at div
    at VideoModalProvider (http://localhost:5173/src/components/VideoModal.jsx:29:38)
    at MotionConfig (http://localhost:5173/node_modules/.vite/deps/framer-motion.js?v=1d06c898:677:25)
    at App @ http://localhost:5173/node_modules/.vite/deps/chunk-BCXODTBQ.js?v=1d06c898:518
[  570993ms] Error: Objects are not valid as a React child (found: object with keys {label, target}). If you meant to render a collection of children, use an array instead.
    at throwOnInvalidObjectType (http://localhost:5173/node_modules/.vite/deps/chunk-BCXODTBQ.js?v=1d06c898:9932:17)
    at reconcileChildFibers2 (http://localhost:5173/node_modules/.vite/deps/chunk-BCXODTBQ.js?v=1d06c898:10562:15)
    at reconcileChildren (http://localhost:5173/node_modules/.vite/deps/chunk-BCXODTBQ.js?v=1d06c898:14288:37)
    at updateHostComponent (http://localhost:5173/node_modules/.vite/deps/chunk-BCXODTBQ.js?v=1d06c898:14805:11)
    at beginWork (http://localhost:5173/node_modules/.vite/deps/chunk-BCXODTBQ.js?v=1d06c898:15933:22)
    at HTMLUnknownElement.callCallback2 (http://localhost:5173/node_modules/.vite/deps/chunk-BCXODTBQ.js?v=1d06c898:3672:22)
    at Object.invokeGuardedCallbackDev (http://localhost:5173/node_modules/.vite/deps/chunk-BCXODTBQ.js?v=1d06c898:3697:24)
    at invokeGuardedCallback (http://localhost:5173/node_modules/.vite/deps/chunk-BCXODTBQ.js?v=1d06c898:3731:39)
    at beginWork$1 (http://localhost:5173/node_modules/.vite/deps/chunk-BCXODTBQ.js?v=1d06c898:19763:15)
    at performUnitOfWork (http://localhost:5173/node_modules/.vite/deps/chunk-BCXODTBQ.js?v=1d06c898:19196:20)
[  570994ms] Error: Objects are not valid as a React child (found: object with keys {label, target}). If you meant to render a collection of children, use an array instead.
    at throwOnInvalidObjectType (http://localhost:5173/node_modules/.vite/deps/chunk-BCXODTBQ.js?v=1d06c898:9932:17)
    at reconcileChildFibers2 (http://localhost:5173/node_modules/.vite/deps/chunk-BCXODTBQ.js?v=1d06c898:10562:15)
    at reconcileChildren (http://localhost:5173/node_modules/.vite/deps/chunk-BCXODTBQ.js?v=1d06c898:14288:37)
    at updateHostComponent (http://localhost:5173/node_modules/.vite/deps/chunk-BCXODTBQ.js?v=1d06c898:14805:11)
    at beginWork (http://localhost:5173/node_modules/.vite/deps/chunk-BCXODTBQ.js?v=1d06c898:15933:22)
    at HTMLUnknownElement.callCallback2 (http://localhost:5173/node_modules/.vite/deps/chunk-BCXODTBQ.js?v=1d06c898:3672:22)
    at Object.invokeGuardedCallbackDev (http://localhost:5173/node_modules/.vite/deps/chunk-BCXODTBQ.js?v=1d06c898:3697:24)
    at invokeGuardedCallback (http://localhost:5173/node_modules/.vite/deps/chunk-BCXODTBQ.js?v=1d06c898:3731:39)
    at beginWork$1 (http://localhost:5173/node_modules/.vite/deps/chunk-BCXODTBQ.js?v=1d06c898:19763:15)
    at performUnitOfWork (http://localhost:5173/node_modules/.vite/deps/chunk-BCXODTBQ.js?v=1d06c898:19196:20)
[  570994ms] Error: Objects are not valid as a React child (found: object with keys {label, target}). If you meant to render a collection of children, use an array instead.
    at throwOnInvalidObjectType (http://localhost:5173/node_modules/.vite/deps/chunk-BCXODTBQ.js?v=1d06c898:9932:17)
    at reconcileChildFibers2 (http://localhost:5173/node_modules/.vite/deps/chunk-BCXODTBQ.js?v=1d06c898:10562:15)
    at reconcileChildren (http://localhost:5173/node_modules/.vite/deps/chunk-BCXODTBQ.js?v=1d06c898:14288:37)
    at updateHostComponent (http://localhost:5173/node_modules/.vite/deps/chunk-BCXODTBQ.js?v=1d06c898:14805:11)
    at beginWork (http://localhost:5173/node_modules/.vite/deps/chunk-BCXODTBQ.js?v=1d06c898:15933:22)
    at HTMLUnknownElement.callCallback2 (http://localhost:5173/node_modules/.vite/deps/chunk-BCXODTBQ.js?v=1d06c898:3672:22)
    at Object.invokeGuardedCallbackDev (http://localhost:5173/node_modules/.vite/deps/chunk-BCXODTBQ.js?v=1d06c898:3697:24)
    at invokeGuardedCallback (http://localhost:5173/node_modules/.vite/deps/chunk-BCXODTBQ.js?v=1d06c898:3731:39)
    at beginWork$1 (http://localhost:5173/node_modules/.vite/deps/chunk-BCXODTBQ.js?v=1d06c898:19763:15)
    at performUnitOfWork (http://localhost:5173/node_modules/.vite/deps/chunk-BCXODTBQ.js?v=1d06c898:19196:20)
[  570994ms] Error: Objects are not valid as a React child (found: object with keys {label, target}). If you meant to render a collection of children, use an array instead.
    at throwOnInvalidObjectType (http://localhost:5173/node_modules/.vite/deps/chunk-BCXODTBQ.js?v=1d06c898:9932:17)
    at reconcileChildFibers2 (http://localhost:5173/node_modules/.vite/deps/chunk-BCXODTBQ.js?v=1d06c898:10562:15)
    at reconcileChildren (http://localhost:5173/node_modules/.vite/deps/chunk-BCXODTBQ.js?v=1d06c898:14288:37)
    at updateHostComponent (http://localhost:5173/node_modules/.vite/deps/chunk-BCXODTBQ.js?v=1d06c898:14805:11)
    at beginWork (http://localhost:5173/node_modules/.vite/deps/chunk-BCXODTBQ.js?v=1d06c898:15933:22)
    at HTMLUnknownElement.callCallback2 (http://localhost:5173/node_modules/.vite/deps/chunk-BCXODTBQ.js?v=1d06c898:3672:22)
    at Object.invokeGuardedCallbackDev (http://localhost:5173/node_modules/.vite/deps/chunk-BCXODTBQ.js?v=1d06c898:3697:24)
    at invokeGuardedCallback (http://localhost:5173/node_modules/.vite/deps/chunk-BCXODTBQ.js?v=1d06c898:3731:39)
    at beginWork$1 (http://localhost:5173/node_modules/.vite/deps/chunk-BCXODTBQ.js?v=1d06c898:19763:15)
    at performUnitOfWork (http://localhost:5173/node_modules/.vite/deps/chunk-BCXODTBQ.js?v=1d06c898:19196:20)
[  570994ms] Error: Objects are not valid as a React child (found: object with keys {label, target}). If you meant to render a collection of children, use an array instead.
    at throwOnInvalidObjectType (http://localhost:5173/node_modules/.vite/deps/chunk-BCXODTBQ.js?v=1d06c898:9932:17)
    at reconcileChildFibers2 (http://localhost:5173/node_modules/.vite/deps/chunk-BCXODTBQ.js?v=1d06c898:10562:15)
    at reconcileChildren (http://localhost:5173/node_modules/.vite/deps/chunk-BCXODTBQ.js?v=1d06c898:14288:37)
    at updateHostComponent (http://localhost:5173/node_modules/.vite/deps/chunk-BCXODTBQ.js?v=1d06c898:14805:11)
    at beginWork (http://localhost:5173/node_modules/.vite/deps/chunk-BCXODTBQ.js?v=1d06c898:15933:22)
    at HTMLUnknownElement.callCallback2 (http://localhost:5173/node_modules/.vite/deps/chunk-BCXODTBQ.js?v=1d06c898:3672:22)
    at Object.invokeGuardedCallbackDev (http://localhost:5173/node_modules/.vite/deps/chunk-BCXODTBQ.js?v=1d06c898:3697:24)
    at invokeGuardedCallback (http://localhost:5173/node_modules/.vite/deps/chunk-BCXODTBQ.js?v=1d06c898:3731:39)
    at beginWork$1 (http://localhost:5173/node_modules/.vite/deps/chunk-BCXODTBQ.js?v=1d06c898:19763:15)
    at performUnitOfWork (http://localhost:5173/node_modules/.vite/deps/chunk-BCXODTBQ.js?v=1d06c898:19196:20)
[  571020ms] [ERROR] Warning: Encountered two children with the same key, `%s`. Keys should be unique so that components maintain their identity across updates. Non-unique keys may cause children to be duplicated and/or omitted — the behavior is unsupported and could change in a future version.%s [object Object] 
    at nav
    at div
    at header
    at MotionComponent (http://localhost:5173/node_modules/.vite/deps/framer-motion.js?v=1d06c898:943:40)
    at Navbar (http://localhost:5173/src/sections/Navbar.jsx?t=1782449508584:59:27)
    at div
    at VideoModalProvider (http://localhost:5173/src/components/VideoModal.jsx:29:38)
    at MotionConfig (http://localhost:5173/node_modules/.vite/deps/framer-motion.js?v=1d06c898:677:25)
    at App @ http://localhost:5173/node_modules/.vite/deps/chunk-BCXODTBQ.js?v=1d06c898:518
[  571021ms] [ERROR] Warning: Encountered two children with the same key, `%s`. Keys should be unique so that components maintain their identity across updates. Non-unique keys may cause children to be duplicated and/or omitted — the behavior is unsupported and could change in a future version.%s [object Object] 
    at nav
    at div
    at header
    at MotionComponent (http://localhost:5173/node_modules/.vite/deps/framer-motion.js?v=1d06c898:943:40)
    at Navbar (http://localhost:5173/src/sections/Navbar.jsx?t=1782449508584:59:27)
    at div
    at VideoModalProvider (http://localhost:5173/src/components/VideoModal.jsx:29:38)
    at MotionConfig (http://localhost:5173/node_modules/.vite/deps/framer-motion.js?v=1d06c898:677:25)
    at App @ http://localhost:5173/node_modules/.vite/deps/chunk-BCXODTBQ.js?v=1d06c898:518
[  571021ms] [ERROR] Warning: Encountered two children with the same key, `%s`. Keys should be unique so that components maintain their identity across updates. Non-unique keys may cause children to be duplicated and/or omitted — the behavior is unsupported and could change in a future version.%s [object Object] 
    at nav
    at div
    at header
    at MotionComponent (http://localhost:5173/node_modules/.vite/deps/framer-motion.js?v=1d06c898:943:40)
    at Navbar (http://localhost:5173/src/sections/Navbar.jsx?t=1782449508584:59:27)
    at div
    at VideoModalProvider (http://localhost:5173/src/components/VideoModal.jsx:29:38)
    at MotionConfig (http://localhost:5173/node_modules/.vite/deps/framer-motion.js?v=1d06c898:677:25)
    at App @ http://localhost:5173/node_modules/.vite/deps/chunk-BCXODTBQ.js?v=1d06c898:518
[  571021ms] [ERROR] Warning: Encountered two children with the same key, `%s`. Keys should be unique so that components maintain their identity across updates. Non-unique keys may cause children to be duplicated and/or omitted — the behavior is unsupported and could change in a future version.%s [object Object] 
    at nav
    at div
    at header
    at MotionComponent (http://localhost:5173/node_modules/.vite/deps/framer-motion.js?v=1d06c898:943:40)
    at Navbar (http://localhost:5173/src/sections/Navbar.jsx?t=1782449508584:59:27)
    at div
    at VideoModalProvider (http://localhost:5173/src/components/VideoModal.jsx:29:38)
    at MotionConfig (http://localhost:5173/node_modules/.vite/deps/framer-motion.js?v=1d06c898:677:25)
    at App @ http://localhost:5173/node_modules/.vite/deps/chunk-BCXODTBQ.js?v=1d06c898:518
[  571022ms] Error: Objects are not valid as a React child (found: object with keys {label, target}). If you meant to render a collection of children, use an array instead.
    at throwOnInvalidObjectType (http://localhost:5173/node_modules/.vite/deps/chunk-BCXODTBQ.js?v=1d06c898:9932:17)
    at reconcileChildFibers2 (http://localhost:5173/node_modules/.vite/deps/chunk-BCXODTBQ.js?v=1d06c898:10562:15)
    at reconcileChildren (http://localhost:5173/node_modules/.vite/deps/chunk-BCXODTBQ.js?v=1d06c898:14288:37)
    at updateHostComponent (http://localhost:5173/node_modules/.vite/deps/chunk-BCXODTBQ.js?v=1d06c898:14805:11)
    at beginWork (http://localhost:5173/node_modules/.vite/deps/chunk-BCXODTBQ.js?v=1d06c898:15933:22)
    at HTMLUnknownElement.callCallback2 (http://localhost:5173/node_modules/.vite/deps/chunk-BCXODTBQ.js?v=1d06c898:3672:22)
    at Object.invokeGuardedCallbackDev (http://localhost:5173/node_modules/.vite/deps/chunk-BCXODTBQ.js?v=1d06c898:3697:24)
    at invokeGuardedCallback (http://localhost:5173/node_modules/.vite/deps/chunk-BCXODTBQ.js?v=1d06c898:3731:39)
    at beginWork$1 (http://localhost:5173/node_modules/.vite/deps/chunk-BCXODTBQ.js?v=1d06c898:19763:15)
    at performUnitOfWork (http://localhost:5173/node_modules/.vite/deps/chunk-BCXODTBQ.js?v=1d06c898:19196:20)
[  571023ms] Error: Objects are not valid as a React child (found: object with keys {label, target}). If you meant to render a collection of children, use an array instead.
    at throwOnInvalidObjectType (http://localhost:5173/node_modules/.vite/deps/chunk-BCXODTBQ.js?v=1d06c898:9932:17)
    at reconcileChildFibers2 (http://localhost:5173/node_modules/.vite/deps/chunk-BCXODTBQ.js?v=1d06c898:10562:15)
    at reconcileChildren (http://localhost:5173/node_modules/.vite/deps/chunk-BCXODTBQ.js?v=1d06c898:14288:37)
    at updateHostComponent (http://localhost:5173/node_modules/.vite/deps/chunk-BCXODTBQ.js?v=1d06c898:14805:11)
    at beginWork (http://localhost:5173/node_modules/.vite/deps/chunk-BCXODTBQ.js?v=1d06c898:15933:22)
    at HTMLUnknownElement.callCallback2 (http://localhost:5173/node_modules/.vite/deps/chunk-BCXODTBQ.js?v=1d06c898:3672:22)
    at Object.invokeGuardedCallbackDev (http://localhost:5173/node_modules/.vite/deps/chunk-BCXODTBQ.js?v=1d06c898:3697:24)
    at invokeGuardedCallback (http://localhost:5173/node_modules/.vite/deps/chunk-BCXODTBQ.js?v=1d06c898:3731:39)
    at beginWork$1 (http://localhost:5173/node_modules/.vite/deps/chunk-BCXODTBQ.js?v=1d06c898:19763:15)
    at performUnitOfWork (http://localhost:5173/node_modules/.vite/deps/chunk-BCXODTBQ.js?v=1d06c898:19196:20)
[  571023ms] Error: Objects are not valid as a React child (found: object with keys {label, target}). If you meant to render a collection of children, use an array instead.
    at throwOnInvalidObjectType (http://localhost:5173/node_modules/.vite/deps/chunk-BCXODTBQ.js?v=1d06c898:9932:17)
    at reconcileChildFibers2 (http://localhost:5173/node_modules/.vite/deps/chunk-BCXODTBQ.js?v=1d06c898:10562:15)
    at reconcileChildren (http://localhost:5173/node_modules/.vite/deps/chunk-BCXODTBQ.js?v=1d06c898:14288:37)
    at updateHostComponent (http://localhost:5173/node_modules/.vite/deps/chunk-BCXODTBQ.js?v=1d06c898:14805:11)
    at beginWork (http://localhost:5173/node_modules/.vite/deps/chunk-BCXODTBQ.js?v=1d06c898:15933:22)
    at HTMLUnknownElement.callCallback2 (http://localhost:5173/node_modules/.vite/deps/chunk-BCXODTBQ.js?v=1d06c898:3672:22)
    at Object.invokeGuardedCallbackDev (http://localhost:5173/node_modules/.vite/deps/chunk-BCXODTBQ.js?v=1d06c898:3697:24)
    at invokeGuardedCallback (http://localhost:5173/node_modules/.vite/deps/chunk-BCXODTBQ.js?v=1d06c898:3731:39)
    at beginWork$1 (http://localhost:5173/node_modules/.vite/deps/chunk-BCXODTBQ.js?v=1d06c898:19763:15)
    at performUnitOfWork (http://localhost:5173/node_modules/.vite/deps/chunk-BCXODTBQ.js?v=1d06c898:19196:20)
[  571023ms] Error: Objects are not valid as a React child (found: object with keys {label, target}). If you meant to render a collection of children, use an array instead.
    at throwOnInvalidObjectType (http://localhost:5173/node_modules/.vite/deps/chunk-BCXODTBQ.js?v=1d06c898:9932:17)
    at reconcileChildFibers2 (http://localhost:5173/node_modules/.vite/deps/chunk-BCXODTBQ.js?v=1d06c898:10562:15)
    at reconcileChildren (http://localhost:5173/node_modules/.vite/deps/chunk-BCXODTBQ.js?v=1d06c898:14288:37)
    at updateHostComponent (http://localhost:5173/node_modules/.vite/deps/chunk-BCXODTBQ.js?v=1d06c898:14805:11)
    at beginWork (http://localhost:5173/node_modules/.vite/deps/chunk-BCXODTBQ.js?v=1d06c898:15933:22)
    at HTMLUnknownElement.callCallback2 (http://localhost:5173/node_modules/.vite/deps/chunk-BCXODTBQ.js?v=1d06c898:3672:22)
    at Object.invokeGuardedCallbackDev (http://localhost:5173/node_modules/.vite/deps/chunk-BCXODTBQ.js?v=1d06c898:3697:24)
    at invokeGuardedCallback (http://localhost:5173/node_modules/.vite/deps/chunk-BCXODTBQ.js?v=1d06c898:3731:39)
    at beginWork$1 (http://localhost:5173/node_modules/.vite/deps/chunk-BCXODTBQ.js?v=1d06c898:19763:15)
    at performUnitOfWork (http://localhost:5173/node_modules/.vite/deps/chunk-BCXODTBQ.js?v=1d06c898:19196:20)
[  571023ms] Error: Objects are not valid as a React child (found: object with keys {label, target}). If you meant to render a collection of children, use an array instead.
    at throwOnInvalidObjectType (http://localhost:5173/node_modules/.vite/deps/chunk-BCXODTBQ.js?v=1d06c898:9932:17)
    at reconcileChildFibers2 (http://localhost:5173/node_modules/.vite/deps/chunk-BCXODTBQ.js?v=1d06c898:10562:15)
    at reconcileChildren (http://localhost:5173/node_modules/.vite/deps/chunk-BCXODTBQ.js?v=1d06c898:14288:37)
    at updateHostComponent (http://localhost:5173/node_modules/.vite/deps/chunk-BCXODTBQ.js?v=1d06c898:14805:11)
    at beginWork (http://localhost:5173/node_modules/.vite/deps/chunk-BCXODTBQ.js?v=1d06c898:15933:22)
    at HTMLUnknownElement.callCallback2 (http://localhost:5173/node_modules/.vite/deps/chunk-BCXODTBQ.js?v=1d06c898:3672:22)
    at Object.invokeGuardedCallbackDev (http://localhost:5173/node_modules/.vite/deps/chunk-BCXODTBQ.js?v=1d06c898:3697:24)
    at invokeGuardedCallback (http://localhost:5173/node_modules/.vite/deps/chunk-BCXODTBQ.js?v=1d06c898:3731:39)
    at beginWork$1 (http://localhost:5173/node_modules/.vite/deps/chunk-BCXODTBQ.js?v=1d06c898:19763:15)
    at performUnitOfWork (http://localhost:5173/node_modules/.vite/deps/chunk-BCXODTBQ.js?v=1d06c898:19196:20)
[  571050ms] [ERROR] The above error occurred in the <a> component:

    at a
    at nav
    at div
    at header
    at MotionComponent (http://localhost:5173/node_modules/.vite/deps/framer-motion.js?v=1d06c898:943:40)
    at Navbar (http://localhost:5173/src/sections/Navbar.jsx?t=1782449508584:59:27)
    at div
    at VideoModalProvider (http://localhost:5173/src/components/VideoModal.jsx:29:38)
    at MotionConfig (http://localhost:5173/node_modules/.vite/deps/framer-motion.js?v=1d06c898:677:25)
    at App

Consider adding an error boundary to your tree to customize error handling behavior.
Visit https://reactjs.org/link/error-boundaries to learn more about error boundaries. @ http://localhost:5173/node_modules/.vite/deps/chunk-BCXODTBQ.js?v=1d06c898:14029
[  571050ms] [ERROR] The above error occurred in the <a> component:

    at a
    at nav
    at div
    at header
    at MotionComponent (http://localhost:5173/node_modules/.vite/deps/framer-motion.js?v=1d06c898:943:40)
    at Navbar (http://localhost:5173/src/sections/Navbar.jsx?t=1782449508584:59:27)
    at div
    at VideoModalProvider (http://localhost:5173/src/components/VideoModal.jsx:29:38)
    at MotionConfig (http://localhost:5173/node_modules/.vite/deps/framer-motion.js?v=1d06c898:677:25)
    at App

Consider adding an error boundary to your tree to customize error handling behavior.
Visit https://reactjs.org/link/error-boundaries to learn more about error boundaries. @ http://localhost:5173/node_modules/.vite/deps/chunk-BCXODTBQ.js?v=1d06c898:14029
[  571051ms] [ERROR] The above error occurred in the <a> component:

    at a
    at nav
    at div
    at header
    at MotionComponent (http://localhost:5173/node_modules/.vite/deps/framer-motion.js?v=1d06c898:943:40)
    at Navbar (http://localhost:5173/src/sections/Navbar.jsx?t=1782449508584:59:27)
    at div
    at VideoModalProvider (http://localhost:5173/src/components/VideoModal.jsx:29:38)
    at MotionConfig (http://localhost:5173/node_modules/.vite/deps/framer-motion.js?v=1d06c898:677:25)
    at App

Consider adding an error boundary to your tree to customize error handling behavior.
Visit https://reactjs.org/link/error-boundaries to learn more about error boundaries. @ http://localhost:5173/node_modules/.vite/deps/chunk-BCXODTBQ.js?v=1d06c898:14029
[  571051ms] [ERROR] The above error occurred in the <a> component:

    at a
    at nav
    at div
    at header
    at MotionComponent (http://localhost:5173/node_modules/.vite/deps/framer-motion.js?v=1d06c898:943:40)
    at Navbar (http://localhost:5173/src/sections/Navbar.jsx?t=1782449508584:59:27)
    at div
    at VideoModalProvider (http://localhost:5173/src/components/VideoModal.jsx:29:38)
    at MotionConfig (http://localhost:5173/node_modules/.vite/deps/framer-motion.js?v=1d06c898:677:25)
    at App

Consider adding an error boundary to your tree to customize error handling behavior.
Visit https://reactjs.org/link/error-boundaries to learn more about error boundaries. @ http://localhost:5173/node_modules/.vite/deps/chunk-BCXODTBQ.js?v=1d06c898:14029
[  571051ms] [ERROR] The above error occurred in the <a> component:

    at a
    at nav
    at div
    at header
    at MotionComponent (http://localhost:5173/node_modules/.vite/deps/framer-motion.js?v=1d06c898:943:40)
    at Navbar (http://localhost:5173/src/sections/Navbar.jsx?t=1782449508584:59:27)
    at div
    at VideoModalProvider (http://localhost:5173/src/components/VideoModal.jsx:29:38)
    at MotionConfig (http://localhost:5173/node_modules/.vite/deps/framer-motion.js?v=1d06c898:677:25)
    at App

Consider adding an error boundary to your tree to customize error handling behavior.
Visit https://reactjs.org/link/error-boundaries to learn more about error boundaries. @ http://localhost:5173/node_modules/.vite/deps/chunk-BCXODTBQ.js?v=1d06c898:14029
[  571052ms] Error: Objects are not valid as a React child (found: object with keys {label, target}). If you meant to render a collection of children, use an array instead.
    at throwOnInvalidObjectType (http://localhost:5173/node_modules/.vite/deps/chunk-BCXODTBQ.js?v=1d06c898:9932:17)
    at reconcileChildFibers2 (http://localhost:5173/node_modules/.vite/deps/chunk-BCXODTBQ.js?v=1d06c898:10562:15)
    at reconcileChildren (http://localhost:5173/node_modules/.vite/deps/chunk-BCXODTBQ.js?v=1d06c898:14288:37)
    at updateHostComponent (http://localhost:5173/node_modules/.vite/deps/chunk-BCXODTBQ.js?v=1d06c898:14805:11)
    at beginWork (http://localhost:5173/node_modules/.vite/deps/chunk-BCXODTBQ.js?v=1d06c898:15933:22)
    at beginWork$1 (http://localhost:5173/node_modules/.vite/deps/chunk-BCXODTBQ.js?v=1d06c898:19751:22)
    at performUnitOfWork (http://localhost:5173/node_modules/.vite/deps/chunk-BCXODTBQ.js?v=1d06c898:19196:20)
    at workLoopSync (http://localhost:5173/node_modules/.vite/deps/chunk-BCXODTBQ.js?v=1d06c898:19135:13)
    at renderRootSync (http://localhost:5173/node_modules/.vite/deps/chunk-BCXODTBQ.js?v=1d06c898:19114:15)
    at recoverFromConcurrentError (http://localhost:5173/node_modules/.vite/deps/chunk-BCXODTBQ.js?v=1d06c898:18734:28)
